N48407732,JY847782,5/11/1998,Fakhruddin,Khalfan,AP1,+(212) 880-33575,Fakhruddin.Khalfan@gmail.com
N58570799,BM918669,5/10/1998,Faiz,Adli,AP1,+(212) 889-11142,Faiz.Adli@gmail.com
N80395149,MF654993,5/24/1998,Junayd,Adib,AP1,+(212) 032-59320,Junayd.Adib@gmail.com
N12366683,UL427332,12/7/1998,Nu'man,Abdu,AP1,+(212) 495-37385,Nu'man.Abdu@gmail.com
N89197985,TH892041,1/7/1999,Hichem,Adil,AP1,+(212) 631-92886,Hichem.Adil@gmail.com
N87315984,ZJ148180,5/28/1999,Zahir al-Din,Nadir ,AP1,+(212) 377-76867,Zahir al-Din.Nadir @gmail.com
N98605898,QM730899,2/6/1998,Abdul Mannan,Mohy al-Din,AP1,+(212) 035-74564,Abdul Mannan.Mohy al-Din@gmail.com
N64205307,XN923575,5/13/1999,Hamidullah,Ammar,AP1,+(212) 441-27507,Hamidullah.Ammar@gmail.com
N78866147,BY923279,1/19/1998,Hassan ,Abdur Rauf,AP1,+(212) 303-11135,Hassan .Abdur Rauf@gmail.com
N19902802,FB937566,9/2/1998,Ahsan,Ikramullah,AP1,+(212) 501-44599,Ahsan.Ikramullah@gmail.com
N54101910,QY756879,6/6/1999,Saqib,Zane,AP1,+(212) 429-89740,Saqib.Zane@gmail.com
N29617516,UH143126,12/4/1998,Wafi,Shaheed,AP1,+(212) 892-94266,Wafi.Shaheed@gmail.com
N84897355,BX568184,6/5/1998,Azizullah,Suleiman,AP1,+(212) 197-04937,Azizullah.Suleiman@gmail.com
N37164269,UX416282,4/24/1999,Zahed,Habib,AP1,+(212) 492-81266,Zahed.Habib@gmail.com
N14657818,XX602402,3/11/1999,Michel ,Nazim,AP1,+(212) 181-73214,Michel .Nazim@gmail.com
N64120355,YR388650,3/12/1999,Amr,Bakir,AP1,+(212) 659-78329,Amr.Bakir@gmail.com
N88895665,CJ539597,1/22/1998,Rahman ,Nimatullah,AP1,+(212) 142-70484,Rahman .Nimatullah@gmail.com
N37395105,UH445833,8/15/1998,Jabir,Moin ,AP1,+(212) 238-45573,Jabir.Moin @gmail.com
N56185247,CE161242,9/10/1998,Wadud,Ghanem,AP1,+(212) 367-26098,Wadud.Ghanem@gmail.com
N39619971,XC279958,12/11/1998,Najibullah,Aqeel,AP1,+(212) 183-30015,Najibullah.Aqeel@gmail.com
N12908479,IA885320,8/16/1998,Amanullah,Aminullah,AP1,+(212) 504-42835,Amanullah.Aminullah@gmail.com
N25623447,XB634668,3/29/1998,Faheem,Haydar,AP1,+(212) 171-24054,Faheem.Haydar@gmail.com
N81800149,AY696688,3/3/1998,Tarazi,Ismat ad-Din,AP1,+(212) 513-12037,Tarazi.Ismat ad-Din@gmail.com
N15688728,YQ773929,4/5/1998,Ari,Hikmat,AP1,+(212) 301-60063,Ari.Hikmat@gmail.com
N24995194,YL601210,11/26/1998,Abdul Ghani,Nadeem,AP1,+(212) 034-77190,Abdul Ghani.Nadeem@gmail.com
N31099008,BJ470435,6/21/1999,Hassan ,Mustafa,AP1,+(212) 296-01913,Hassan .Mustafa@gmail.com
N61573395,BI878048,12/30/1998,Jaber,Taher ,AP1,+(212) 498-10938,Jaber.Taher @gmail.com
N80305637,CJ623195,7/19/1998,Abdul Jalil,Haydar,AP1,+(212) 412-24322,Abdul Jalil.Haydar@gmail.com
N77669767,HW487758,12/16/1998,Atiq,Abdul Mannan,AP1,+(212) 086-72792,Atiq.Abdul Mannan@gmail.com
N44856895,KA346437,10/20/1998,Ikhtiyar al-Din,Amir,AP1,+(212) 553-63982,Ikhtiyar al-Din.Amir@gmail.com
N96094178,GX626672,9/28/1998,Abdu,Moin ,AP1,+(212) 007-57419,Abdu.Moin @gmail.com
N99701017,FM791463,4/14/1998,Abdul Majid,Wafi,AP1,+(212) 598-72760,Abdul Majid.Wafi@gmail.com
N22338016,TI520826,5/15/1999,Zaid,Azizur Rahman,AP1,+(212) 582-22637,Zaid.Azizur Rahman@gmail.com
N77659460,KC550357,3/20/1998,Zakariya,Bara,AP1,+(212) 880-23602,Zakariya.Bara@gmail.com
N69106021,QW553618,1/4/1998,Amir,Fariduddin,AP1,+(212) 355-46968,Amir.Fariduddin@gmail.com
N74536514,KG530622,11/13/1998,Abdul Azim,Amanullah,AP1,+(212) 579-80437,Abdul Azim.Amanullah@gmail.com
N55077074,KR659288,2/14/1999,Jalal ad-Din,Rashad,AP1,+(212) 047-59287,Jalal ad-Din.Rashad@gmail.com
N94367278,IM480391,4/5/1999,Moncef,Hashem,AP1,+(212) 222-57899,Moncef.Hashem@gmail.com
N52842711,BD724280,7/19/1998,Hadi,Shakeel ,AP1,+(212) 726-42315,Hadi.Shakeel @gmail.com
N94434391,DG512325,5/2/1998,Boutros,Baki,AP1,+(212) 477-15342,Boutros.Baki@gmail.com
N70036088,TT273988,11/22/1998,Rajaei,Abd al-Aziz,AP1,+(212) 121-48610,Rajaei.Abd al-Aziz@gmail.com
N35871434,JX626349,8/25/1998,Ibro,Nasser ,AP1,+(212) 842-26609,Ibro.Nasser @gmail.com
N72798559,KG182080,7/27/1998,Boualem,Fouzan,AP1,+(212) 783-33400,Boualem.Fouzan@gmail.com
N37203612,GA293525,12/5/1998,Sa‘id,Hatem,AP1,+(212) 064-82984,Sa‘id.Hatem@gmail.com
N32467830,XD302291,6/17/1999,Numan,Wasim,AP1,+(212) 306-70758,Numan.Wasim@gmail.com
N44426706,SU415816,11/17/1998,Nusrat,Jabal ,AP1,+(212) 718-65487,Nusrat.Jabal @gmail.com
N69568198,TE852226,1/28/1999,Muhammad ,Abdullah,AP1,+(212) 045-65691,Muhammad .Abdullah@gmail.com
N85951464,QO307333,5/23/1998,Naim,Sayyid ,AP1,+(212) 178-22901,Naim.Sayyid @gmail.com
N56380534,MF320247,2/26/1998,Badi,Abdul Samad,AP1,+(212) 331-62875,Badi.Abdul Samad@gmail.com
N34030755,IZ370016,5/14/1998,Mehdi,Mansur,AP1,+(212) 442-30733,Mehdi.Mansur@gmail.com
N26450706,FI790335,3/19/1999,Ikrimah,Dhikrullah,AP1,+(212) 224-07593,Ikrimah.Dhikrullah@gmail.com
N29388220,SI984300,5/9/1998,Riad ,Azim,AP1,+(212) 510-11811,Riad .Azim@gmail.com
N71011465,LZ286105,1/11/1998,Yahir,Samirah,AP1,+(212) 226-24108,Yahir.Samirah@gmail.com
N97673195,EL184586,9/16/1998,Khadem,Hisham ,AP1,+(212) 247-10045,Khadem.Hisham @gmail.com
N93397469,AN533776,11/25/1998,Abdul Qadir,Rashad,AP1,+(212) 519-79418,Abdul Qadir.Rashad@gmail.com
N51763446,QE134746,1/22/1998,Basri,Atif,AP1,+(212) 554-23503,Basri.Atif@gmail.com
N75074346,BZ101922,4/4/1998,Ruhullah,Marwan,AP1,+(212) 868-16197,Ruhullah.Marwan@gmail.com
N83822420,UL555507,2/3/1999,Jamil,Tayfur,AP1,+(212) 461-86202,Jamil.Tayfur@gmail.com
N86651483,CX630848,6/15/1998,Nazimuddin,Mubarak ,AP1,+(212) 675-71168,Nazimuddin.Mubarak @gmail.com
N83591309,FE580969,7/6/1998,Mukhtar,Hamza ,AP1,+(212) 658-89919,Mukhtar.Hamza @gmail.com
N98265489,AQ442238,3/13/1999,Abdul Zahir,Yacine,AP1,+(212) 254-86720,Abdul Zahir.Yacine@gmail.com
N10711103,KQ946008,2/11/1998,Sardar ,Abdi,AP1,+(212) 705-87678,Sardar .Abdi@gmail.com
N34562179,YL998230,3/2/1999,Ali Naqi,Munir,AP1,+(212) 787-78191,Ali Naqi.Munir@gmail.com
N46924441,ZQ837110,5/27/1999,Nimatullah,Rakib,AP1,+(212) 132-89473,Nimatullah.Rakib@gmail.com
N17770580,VN900167,3/6/1999,Atiqullah,Othman ,AP1,+(212) 670-10268,Atiqullah.Othman @gmail.com
N34750629,YJ625697,1/31/1998,Irfan ,Wafi,AP1,+(212) 452-04043,Irfan .Wafi@gmail.com
N91969708,VO601237,6/2/1999,Qutb,Muammer,AP1,+(212) 339-44698,Qutb.Muammer@gmail.com
N58026942,DQ633233,7/23/1998,Najim ,Faizan,AP1,+(212) 734-98311,Najim .Faizan@gmail.com
N29207311,ZR786477,2/24/1999,Bakir,Faizan,AP1,+(212) 511-97894,Bakir.Faizan@gmail.com
N34918521,HA884827,12/28/1998,Zaki,Mamdouh,AP1,+(212) 764-36047,Zaki.Mamdouh@gmail.com
N26909234,EF459079,1/4/1998,Abdul Hadi,Rakib,AP1,+(212) 896-70226,Abdul Hadi.Rakib@gmail.com
N29478034,QZ628214,5/26/1999,Ziad,Asem,AP1,+(212) 600-38939,Ziad.Asem@gmail.com
N21732613,VF713279,2/14/1999,Shamsur Rahman,Ismat ad-Din,AP1,+(212) 674-45625,Shamsur Rahman.Ismat ad-Din@gmail.com
N56367367,JO969661,7/15/1998,Fazel,Moin ,AP1,+(212) 271-86762,Fazel.Moin @gmail.com
N33782366,OZ899901,9/6/1998,Aman Ali,Wajid ,AP1,+(212) 555-87391,Aman Ali.Wajid @gmail.com
N62801358,DC832251,5/26/1999,Farid,Ahad,AP1,+(212) 052-92469,Farid.Ahad@gmail.com
N51226497,WP922056,6/25/1998,Rizqallah,Gaffar,AP1,+(212) 065-01328,Rizqallah.Gaffar@gmail.com
N84961658,QC769455,1/15/1999,Abdul Hakim,Basri,AP1,+(212) 537-27037,Abdul Hakim.Basri@gmail.com
N57593464,ZA306410,11/12/1998,Barkatullah,Salah ad-Din ,AP1,+(212) 726-62941,Barkatullah.Salah ad-Din @gmail.com
N25760413,QK156787,12/16/1998,Fathi,Wazir,AP1,+(212) 184-38668,Fathi.Wazir@gmail.com
N25711082,HS582176,11/3/1998,Yahir,Izzat ,AP1,+(212) 679-10986,Yahir.Izzat @gmail.com
N14556470,HX242213,5/16/1999,Ammar,Sidique,AP1,+(212) 198-63530,Ammar.Sidique@gmail.com
N41059147,UC532969,5/3/1998,Yadollah,Ziad,AP1,+(212) 236-39205,Yadollah.Ziad@gmail.com
N66575886,GC874562,2/19/1999,Abdul Malik,Atiqullah,AP1,+(212) 264-66668,Abdul Malik.Atiqullah@gmail.com
N17168893,GV694292,12/30/1998,Naim,Mojtaba,AP1,+(212) 134-21929,Naim.Mojtaba@gmail.com
N40566825,RT961203,3/15/1998,Saleh ,Lalji,AP1,+(212) 020-77158,Saleh .Lalji@gmail.com
N75693361,DF692559,9/4/1998,Zafarullah,Nazif,AP1,+(212) 306-97463,Zafarullah.Nazif@gmail.com
N82671589,BZ925096,2/24/1999,Irfan ,Nu'man,AP1,+(212) 842-56964,Irfan .Nu'man@gmail.com
N23380808,AA459511,1/20/1999,Daniel/Danyal,Nimatullah,AP1,+(212) 533-58532,Daniel/Danyal.Nimatullah@gmail.com
N85847764,DL211512,10/28/1998,Nadeem,Azim,AP1,+(212) 205-75669,Nadeem.Azim@gmail.com
N24903221,NQ262356,4/9/1998,Abu Hafs,Bashar,AP1,+(212) 455-17282,Abu Hafs.Bashar@gmail.com
N26472855,NY680818,5/4/1998,Ataullah,Jarrah ,AP1,+(212) 443-71185,Ataullah.Jarrah @gmail.com
N40930109,KM545832,5/2/1999,Abdullah,Hamidullah,AP1,+(212) 789-94523,Abdullah.Hamidullah@gmail.com
N64113071,DH128982,2/12/1998,Anjem,Nasrallah,AP1,+(212) 565-06069,Anjem.Nasrallah@gmail.com
N89005309,OY124641,4/25/1998,Talal,Jaber,AP1,+(212) 584-76318,Talal.Jaber@gmail.com
N92655462,QQ382585,10/21/1998,Abidin,Gulzar ,AP1,+(212) 237-50410,Abidin.Gulzar @gmail.com
N76928434,FT804341,1/17/1998,Abu Hafs,Abu Hafs,AP1,+(212) 025-28600,Abu Hafs.Abu Hafs@gmail.com
N51912157,WB811770,3/5/1998,Khakim,Abdul Mannan,AP1,+(212) 436-96279,Khakim.Abdul Mannan@gmail.com
N65797293,VA875412,6/17/1998,Hayatullah,Jihad ,AP1,+(212) 305-11180,Hayatullah.Jihad @gmail.com
N17911406,JW473842,4/23/1999,Melhem,Suleiman,AP1,+(212) 116-93729,Melhem.Suleiman@gmail.com
N33881019,GR947938,2/9/1998,Hafeez,Amin al-Din,AP1,+(212) 771-95429,Hafeez.Amin al-Din@gmail.com
N99159863,QL234007,12/11/1998,Rashad,Murad,AP1,+(212) 526-56068,Rashad.Murad@gmail.com
N21299182,VQ497663,9/20/1998,Rashid al-Din,Raed,AP1,+(212) 302-51238,Rashid al-Din.Raed@gmail.com
N56363785,JY142913,1/29/1998,Uday,Jubayr,AP1,+(212) 635-41181,Uday.Jubayr@gmail.com
N60863846,MH733833,3/23/1998,Yusha ,Yacine,AP1,+(212) 031-04831,Yusha .Yacine@gmail.com
N45604163,SR933502,8/11/1998,Farhat,Mamdouh,AP1,+(212) 894-45337,Farhat.Mamdouh@gmail.com
N33118248,YG691471,2/16/1998,Muzaffar,Mustafa,AP1,+(212) 219-00496,Muzaffar.Mustafa@gmail.com
N74524927,XQ700889,12/16/1998,Ziaur Rahman ,Lutfullah,AP1,+(212) 560-30524,Ziaur Rahman .Lutfullah@gmail.com
N86399612,SK126193,9/4/1998,Rahman ,Moinuddin,AP1,+(212) 433-16907,Rahman .Moinuddin@gmail.com
N20169991,TD472572,1/16/1998,Fakhruddin,Gamil ,AP1,+(212) 242-75308,Fakhruddin.Gamil @gmail.com
N31843216,JB644100,1/14/1998,Kamal ad-Din,Islam,AP1,+(212) 667-57651,Kamal ad-Din.Islam@gmail.com
N12002543,XO644259,6/4/1998,Nizam al-Din,Nu'man,AP1,+(212) 671-77526,Nizam al-Din.Nu'man@gmail.com
N80446630,NT804764,1/1/1998,Abdul Monem,Hakim ,AP1,+(212) 513-44394,Abdul Monem.Hakim @gmail.com
N32507891,OG118910,2/11/1998,Muslim ,Rabih,AP1,+(212) 375-54765,Muslim .Rabih@gmail.com
N92239765,SJ896550,2/22/1999,Bilel,Hamid al-Din,AP1,+(212) 027-73718,Bilel.Hamid al-Din@gmail.com
N35915039,ZB685599,8/15/1998,Raji,Habib,AP1,+(212) 786-35687,Raji.Habib@gmail.com
N31303468,ER733966,6/15/1999,Khamis ,Rashid ,AP1,+(212) 680-67322,Khamis .Rashid @gmail.com
N43090732,LB127061,12/15/1998,Nasuh,ayman,AP1,+(212) 144-79020,Nasuh.ayman@gmail.com
N81126952,WN121041,2/10/1998,Harun,Najib,AP1,+(212) 889-95211,Harun.Najib@gmail.com
N85381906,EO311816,4/2/1998,Khalid,Abdul Hakim,AP1,+(212) 270-08674,Khalid.Abdul Hakim@gmail.com
N17831894,RQ736034,3/22/1998,Waleed,Abdi,AP1,+(212) 606-81750,Waleed.Abdi@gmail.com
N73808306,ZR327607,2/1/1999,Hakim ,Hussein,AP1,+(212) 469-46438,Hakim .Hussein@gmail.com
N24447226,LD442957,7/31/1998,Shakeel ,Rabih,AP1,+(212) 628-62123,Shakeel .Rabih@gmail.com
N20315256,WV510174,8/21/1998,Irfan ,Bakir,AP1,+(212) 547-18530,Irfan .Bakir@gmail.com
N46633684,YD809112,7/29/1998,Karim,Wadih,AP1,+(212) 136-52394,Karim.Wadih@gmail.com
N90333252,ZU447731,6/15/1998,Ali,Adem,AP1,+(212) 883-54191,Ali.Adem@gmail.com
N27797340,DM251726,4/7/1999,Issam ,Salah ,AP1,+(212) 672-36059,Issam .Salah @gmail.com
N98585433,RN945250,3/26/1999,Michel ,Shukri,AP1,+(212) 304-62353,Michel .Shukri@gmail.com
N91141255,HI513113,6/21/1998,Anjem,Hadid ,AP1,+(212) 251-51092,Anjem.Hadid @gmail.com
N59120513,TJ490899,1/10/1999,Abdul Ghaffar,Mamdouh,AP1,+(212) 487-07373,Abdul Ghaffar.Mamdouh@gmail.com
N75755137,BX171033,9/22/1998,Wadih,Ali Naqi,AP1,+(212) 568-39903,Wadih.Ali Naqi@gmail.com
N96848296,LU597601,3/4/1999,Nasser ,Abd Manaf,AP1,+(212) 057-55684,Nasser .Abd Manaf@gmail.com
N20452008,ZQ332189,9/30/1998,Atiq,Mahmud,AP1,+(212) 449-60294,Atiq.Mahmud@gmail.com
N56311058,ON798231,5/4/1998,Nuri ,Abdul Ahad,AP1,+(212) 826-70342,Nuri .Abdul Ahad@gmail.com
N21451120,EG994277,5/21/1998,Numan,Abdul Hakim,AP1,+(212) 402-41051,Numan.Abdul Hakim@gmail.com
N16229129,KE410904,4/9/1999,Ismat ad-Din,Samirah,AP1,+(212) 326-67886,Ismat ad-Din.Samirah@gmail.com
N95476093,KW174676,6/3/1998,Hasib ,Omar ,AP1,+(212) 354-43290,Hasib .Omar @gmail.com
N42001469,KB172895,2/5/1999,Ziad,Issam ,AP1,+(212) 747-41761,Ziad.Issam @gmail.com
N77075982,UR799298,3/15/1999,Najim ,Jalal ad-Din,AP1,+(212) 249-61606,Najim .Jalal ad-Din@gmail.com
N16820208,UJ505388,1/13/1998,Moatassem,Baha,AP1,+(212) 874-01104,Moatassem.Baha@gmail.com
N20693742,ZX326596,5/28/1999,Khair ad-Din,Samee,AP1,+(212) 174-76937,Khair ad-Din.Samee@gmail.com
N52527296,EH615846,2/20/1999,Zane,Abdul Hadi,AP1,+(212) 313-91849,Zane.Abdul Hadi@gmail.com
N98780741,BM745586,8/20/1998,Abdul Qayyum,Malik ,AP1,+(212) 465-41269,Abdul Qayyum.Malik @gmail.com
N29390468,NW180845,8/29/1998,Yadollah,Safi ,AP1,+(212) 868-65108,Yadollah.Safi @gmail.com
N13403909,VO835403,4/5/1999,Azmi,Abdul Khaliq,AP1,+(212) 342-49746,Azmi.Abdul Khaliq@gmail.com
N30162710,JN930223,3/26/1999,Azimullah,Ja'far,AP1,+(212) 632-22178,Azimullah.Ja'far@gmail.com
N79300950,WR735860,5/7/1998,Jurj,Midhat,AP1,+(212) 210-38419,Jurj.Midhat@gmail.com
N45494323,UU809340,11/12/1998,Ka'b,Nader,AP1,+(212) 260-45443,Ka'b.Nader@gmail.com
N52357315,GZ327745,12/23/1998,Ghulam,Shafiq ur Rahman,AP1,+(212) 696-20625,Ghulam.Shafiq ur Rahman@gmail.com
N75290505,ZQ618232,12/24/1998,Taqi,Wajdi,AP1,+(212) 873-61355,Taqi.Wajdi@gmail.com
N74443632,SA683170,7/23/1998,Hafizullah,Saddam ,AP1,+(212) 684-01391,Hafizullah.Saddam @gmail.com
N73405032,SE563625,10/26/1998,Ubay ,Jalal,AP1,+(212) 709-48493,Ubay .Jalal@gmail.com
N20486962,VM146412,4/19/1998,Fazl ur Rahman,Suleiman,AP2,+(212) 566-66331,Fazl ur Rahman.Suleiman@gmail.com
N76967010,FX364710,9/11/1998,Kulthum,Yasser,AP2,+(212) 886-48786,Kulthum.Yasser@gmail.com
N82337874,HL904145,2/11/1998,Saleh ,Yacine,AP2,+(212) 665-47751,Saleh .Yacine@gmail.com
N82978731,ZL640765,10/30/1998,Osama ,Rakibul,AP2,+(212) 676-63893,Osama .Rakibul@gmail.com
N36509590,UJ516885,2/11/1999,Gamil ,Ishtiaq,AP2,+(212) 161-99024,Gamil .Ishtiaq@gmail.com
N26322280,QB492935,1/19/1998,Kulthum,Azhar,AP2,+(212) 104-45715,Kulthum.Azhar@gmail.com
N51516301,HS392306,4/5/1999,Asem,Mahir,AP2,+(212) 808-07054,Asem.Mahir@gmail.com
N70771005,RQ167113,6/25/1998,Harun,Mu'iz ad-Din,AP2,+(212) 853-75223,Harun.Mu'iz ad-Din@gmail.com
N78679840,AP584980,5/30/1999,Fawaz,Tayeb,AP2,+(212) 003-45641,Fawaz.Tayeb@gmail.com
N74158186,RL593612,3/5/1999,Yusha ,Abu Abdullah,AP2,+(212) 635-30435,Yusha .Abu Abdullah@gmail.com
N93949413,TP164316,1/5/1998,Shiraz ,Jihad ,AP2,+(212) 385-39787,Shiraz .Jihad @gmail.com
N47431067,DO656476,6/20/1999,Hamdi,Othman ,AP2,+(212) 289-72086,Hamdi.Othman @gmail.com
N70207276,SQ594919,4/25/1998,Rukn al-Din,Fazl,AP2,+(212) 469-18334,Rukn al-Din.Fazl@gmail.com
N99590588,OC842125,1/23/1998,Salim,Ehsanullah,AP2,+(212) 477-26993,Salim.Ehsanullah@gmail.com
N15301919,GG969164,2/21/1998,Mojtaba,Shahid ,AP2,+(212) 001-10819,Mojtaba.Shahid @gmail.com
N41662438,GE805892,4/27/1999,Khadem,Muhibullah,AP2,+(212) 529-21968,Khadem.Muhibullah@gmail.com
N41655857,ZX593340,5/4/1998,Amr,Akram,AP2,+(212) 076-85228,Amr.Akram@gmail.com
N91520858,YL966090,5/28/1999,Atiqullah,Karim,AP2,+(212) 006-22423,Atiqullah.Karim@gmail.com
N12584397,KM990405,11/4/1998,Fahd,Adli,AP2,+(212) 120-96766,Fahd.Adli@gmail.com
N15634207,AX865415,9/24/1998,Omar ,Najibullah,AP2,+(212) 778-12042,Omar .Najibullah@gmail.com
N11491502,MM948361,4/29/1999,Saddam ,Fahd,AP2,+(212) 021-03256,Saddam .Fahd@gmail.com
N59237029,CU519129,1/28/1998,Reza,Asem,AP2,+(212) 158-14010,Reza.Asem@gmail.com
N84314019,GO904494,1/8/1998,Mamdouh,Tahmid,AP2,+(212) 864-21353,Mamdouh.Tahmid@gmail.com
N54447783,AU759541,10/4/1998,Haldun,Wajid ,AP2,+(212) 212-48482,Haldun.Wajid @gmail.com
N47838622,TR736968,3/24/1999,Farhat,Naseer,AP2,+(212) 423-67993,Farhat.Naseer@gmail.com
N67744018,YR957565,11/8/1998,Hadid ,Nabih,AP2,+(212) 824-95336,Hadid .Nabih@gmail.com
N25213356,XU705496,7/13/1998,Abdul Hai,Nasuh,AP2,+(212) 862-46106,Abdul Hai.Nasuh@gmail.com
N49054161,ZT196068,6/5/1999,Waliullah ,Jurj,AP2,+(212) 384-34426,Waliullah .Jurj@gmail.com
N67567159,HN426628,3/29/1999,Fariduddin,Abdul Zahir,AP2,+(212) 342-80437,Fariduddin.Abdul Zahir@gmail.com
N35630597,EQ573829,12/27/1998,Ramzan,Suleiman,AP2,+(212) 273-70457,Ramzan.Suleiman@gmail.com
N63490292,IE752555,2/25/1998,Sadr al-Din,Fazlul Haq,AP2,+(212) 893-06423,Sadr al-Din.Fazlul Haq@gmail.com
N57033104,JC468714,3/13/1998,Mamdouh,Afif,AP2,+(212) 760-25303,Mamdouh.Afif@gmail.com
N47002275,HF897910,5/16/1998,Ziaur Rahman ,Badr al-Din,AP2,+(212) 509-72759,Ziaur Rahman .Badr al-Din@gmail.com
N57855207,OT975167,11/19/1998,Abd al-Rahman,Munib,AP2,+(212) 224-93608,Abd al-Rahman.Munib@gmail.com
N78067875,WK970454,7/6/1998,Shihab al-Din,Asif,AP2,+(212) 853-37490,Shihab al-Din.Asif@gmail.com
N12298516,PD533396,10/30/1998,Saif ,Naguib,AP2,+(212) 610-83454,Saif .Naguib@gmail.com
N99863445,GZ985210,9/15/1998,Mashallah ,Abdul Ahad,AP2,+(212) 582-70739,Mashallah .Abdul Ahad@gmail.com
N19406055,IJ408732,2/23/1999,Wajdi,Ahmad,AP2,+(212) 835-40956,Wajdi.Ahmad@gmail.com
N72997611,GO737538,6/22/1998,Naji,Rahmi,AP2,+(212) 184-96923,Naji.Rahmi@gmail.com
N11833211,UA540997,3/28/1999,Zeeshan,Saadallah,AP2,+(212) 874-16823,Zeeshan.Saadallah@gmail.com
N25518693,FW516571,10/13/1998,Abdul Haq,Khair ad-Din,AP2,+(212) 541-65037,Abdul Haq.Khair ad-Din@gmail.com
N20746732,XR509082,2/10/1999,Nasim,Salman ,AP2,+(212) 797-70976,Nasim.Salman @gmail.com
N43503525,NE429267,1/15/1999,Talat ,Zane,AP2,+(212) 078-31081,Talat .Zane@gmail.com
N20199494,XX830535,5/6/1998,Murtaza,Abdur Raqib,AP2,+(212) 502-90922,Murtaza.Abdur Raqib@gmail.com
N99192737,HX928825,2/16/1999,Moncef,Malik ,AP2,+(212) 307-03110,Moncef.Malik @gmail.com
N18364034,JS842927,3/21/1999,Ahmad,Yakub,AP2,+(212) 232-96965,Ahmad.Yakub@gmail.com
N16567443,HR344721,3/11/1999,Abu Nasir,Faiz,AP2,+(212) 362-42470,Abu Nasir.Faiz@gmail.com
N56839529,WM174490,5/24/1999,Abdel Nour,Abdul Rashid,AP2,+(212) 680-24508,Abdel Nour.Abdul Rashid@gmail.com
N35770130,SP437945,8/3/1998,Aman,Daniel/Danyal,AP2,+(212) 012-79406,Aman.Daniel/Danyal@gmail.com
N87283858,ZL201724,1/1/1999,Nurullah,Tarazi,AP2,+(212) 532-31706,Nurullah.Tarazi@gmail.com
N44835993,DC659730,7/14/1998,Nahyan,Abdel Nour,AP2,+(212) 665-83596,Nahyan.Abdel Nour@gmail.com
N95593803,MU184803,3/14/1998,Ehsanullah,Numan,AP2,+(212) 626-48090,Ehsanullah.Numan@gmail.com
N38444489,PL728703,11/9/1998,Hamidullah,Ali Naqi,AP2,+(212) 261-25289,Hamidullah.Ali Naqi@gmail.com
N84462248,ZA340642,4/11/1999,Nowfal,Hafizullah,AP2,+(212) 135-37726,Nowfal.Hafizullah@gmail.com
N20093924,AQ899799,5/21/1999,Sahir,Abdus Shakur,AP2,+(212) 435-39452,Sahir.Abdus Shakur@gmail.com
N11427934,JE163595,2/19/1999,Asil,Hamid,AP2,+(212) 487-51323,Asil.Hamid@gmail.com
N79941636,XB137222,1/13/1998,Sahir,Sattar,AP2,+(212) 531-03861,Sahir.Sattar@gmail.com
N96422863,RZ363123,10/15/1998,Fazlallah,Wajdi,AP2,+(212) 211-61646,Fazlallah.Wajdi@gmail.com
N95006248,UV436700,8/30/1998,Zaim ,Osama ,AP2,+(212) 209-66668,Zaim .Osama @gmail.com
N82717940,AJ866222,5/1/1998,Hikmat,Fazlul Haq,AP2,+(212) 456-20196,Hikmat.Fazlul Haq@gmail.com
N13496735,RU497724,4/28/1998,Fazl ur Rahman,Sajid,AP2,+(212) 777-18065,Fazl ur Rahman.Sajid@gmail.com
N92847448,EK479503,9/7/1998,Sarmad,Fazl,AP2,+(212) 761-96226,Sarmad.Fazl@gmail.com
N38522024,RY681681,10/22/1998,Abbad,Mizanur Rahman,AP2,+(212) 491-54081,Abbad.Mizanur Rahman@gmail.com
N37676794,TM408890,4/18/1998,Wahed,Wajdi,AP2,+(212) 709-86621,Wahed.Wajdi@gmail.com
N70232028,FJ283201,5/20/1999,Abdul Basit,Husam ad-Din,AP2,+(212) 652-79380,Abdul Basit.Husam ad-Din@gmail.com
N37791986,VI139016,5/6/1999,Azem,Mohannad,AP2,+(212) 254-73386,Azem.Mohannad@gmail.com
N20517780,RN412025,4/10/1999,Abu'l-Fadl,Nihad,AP2,+(212) 846-18601,Abu'l-Fadl.Nihad@gmail.com
N45005664,MQ662100,6/18/1998,Ekram,Khalfan,AP2,+(212) 088-12112,Ekram.Khalfan@gmail.com
N54937128,SV239267,4/20/1999,Wadud,Abdul Alim,AP2,+(212) 493-18822,Wadud.Abdul Alim@gmail.com
N57953673,EO635145,8/26/1998,Wajid ,Muhammad ,AP2,+(212) 417-49169,Wajid .Muhammad @gmail.com
N42375581,KC654828,3/11/1998,Yusha ,Lutfur Rahman,AP2,+(212) 636-04569,Yusha .Lutfur Rahman@gmail.com
N41917329,BK754700,6/8/1998,Ahsan,Abdur Rahim,AP2,+(212) 372-13459,Ahsan.Abdur Rahim@gmail.com
N55426669,WO927205,12/2/1998,Abdul Monem,Samiullah,AP2,+(212) 456-36343,Abdul Monem.Samiullah@gmail.com
N11128711,MI603817,10/2/1998,Rafiq,Wajdi,AP2,+(212) 067-05714,Rafiq.Wajdi@gmail.com
N27621086,VQ734026,11/15/1998,Baha' al-Din,Saddam ,AP2,+(212) 556-18908,Baha' al-Din.Saddam @gmail.com
N46736150,WC470830,3/8/1998,Abdul Hussein,Atiqullah,AP2,+(212) 283-91455,Abdul Hussein.Atiqullah@gmail.com
N89899304,XJ366132,3/2/1999,Shaheed,Tufail,AP2,+(212) 110-75097,Shaheed.Tufail@gmail.com
N59539638,SA787622,8/2/1998,Khalil-ur-Rehman,Nawaz,AP2,+(212) 756-08370,Khalil-ur-Rehman.Nawaz@gmail.com
N25482138,VP182580,12/17/1998,Baha' al-Din,Ikrimah,AP2,+(212) 726-07746,Baha' al-Din.Ikrimah@gmail.com
N94775489,DW260839,1/16/1998,Iqbal,Abu Bakr,AP2,+(212) 413-33608,Iqbal.Abu Bakr@gmail.com
N85161045,AY320464,11/4/1998,Raed,Mumtaz,AP2,+(212) 193-91687,Raed.Mumtaz@gmail.com
N40764502,OU295582,3/9/1999,Khadem,Mumtaz,AP2,+(212) 449-62873,Khadem.Mumtaz@gmail.com
N30419570,RI630439,11/14/1998,Wadih,Hanif ,AP2,+(212) 427-43648,Wadih.Hanif @gmail.com
N15569444,XI742108,2/7/1998,Rajab ,Ayub,AP2,+(212) 444-83170,Rajab .Ayub@gmail.com
N60169452,RG342086,11/16/1998,Tayfur,Mubarak ,AP2,+(212) 613-93754,Tayfur.Mubarak @gmail.com
N53422581,BQ657673,8/15/1998,Abu'l-Fadl,Nabih,AP2,+(212) 487-06020,Abu'l-Fadl.Nabih@gmail.com
N56532550,OX640911,7/7/1998,Sharaf al-Din,Abdul Haq,AP2,+(212) 875-69129,Sharaf al-Din.Abdul Haq@gmail.com
N73795462,UL602574,3/14/1999,Waliullah ,Abdullah,AP2,+(212) 896-43757,Waliullah .Abdullah@gmail.com
N62176832,DB847791,1/1/1998,Wahid,Sultan ,AP2,+(212) 163-41357,Wahid.Sultan @gmail.com
N51962692,GG840010,6/28/1999,Rushdi,Kamal ad-Din,AP2,+(212) 505-48255,Rushdi.Kamal ad-Din@gmail.com
N20797417,VT220541,10/18/1998,Raed,Abdi,AP2,+(212) 515-82141,Raed.Abdi@gmail.com
N39904938,KT882359,6/17/1998,Boulos,Wajdi,AP2,+(212) 174-65485,Boulos.Wajdi@gmail.com
N39935115,DP602000,4/21/1998,Inaam,Abdi,AP2,+(212) 362-50062,Inaam.Abdi@gmail.com
N51642202,IN452305,10/22/1998,Kadri ,Talhah ,AP2,+(212) 896-51775,Kadri .Talhah @gmail.com
N32112091,BW301452,9/27/1998,Rayan,Abbas,AP2,+(212) 689-01267,Rayan.Abbas@gmail.com
N53564108,TA140665,5/23/1998,Abd al-Aziz,Jarrah ,AP2,+(212) 822-89283,Abd al-Aziz.Jarrah @gmail.com
N31528842,UN151181,3/11/1999,Sharaf al-Din,Aman Ali,AP2,+(212) 866-85444,Sharaf al-Din.Aman Ali@gmail.com
N33422575,MK313726,3/31/1999,Sarmad,Suhail,AP2,+(212) 042-02161,Sarmad.Suhail@gmail.com
N58169977,RH975325,5/8/1999,Bakir,Tufail,AP2,+(212) 534-92492,Bakir.Tufail@gmail.com
N24110579,QT886298,10/15/1998,Taher ,Nazimuddin,AP2,+(212) 687-12539,Taher .Nazimuddin@gmail.com
N80323225,HN662896,2/10/1999,Dawoud,Jarrah ,AP2,+(212) 832-33056,Dawoud.Jarrah @gmail.com
N93303094,LJ351572,9/13/1998,Abdul Khaliq,Khalil ,AP2,+(212) 732-15245,Abdul Khaliq.Khalil @gmail.com
N53020365,AW987238,6/4/1999,Qutb ad-Din,Abdul Alim,AP2,+(212) 003-10367,Qutb ad-Din.Abdul Alim@gmail.com
N59742139,YE130764,7/5/1998,Talib ,Atif,AP2,+(212) 532-83350,Talib .Atif@gmail.com
N60051676,YH753037,2/12/1999,Muammer,Barkat Ali,AP2,+(212) 260-78942,Muammer.Barkat Ali@gmail.com
N13368049,RI453898,4/4/1998,Aqeel,Badi,AP2,+(212) 441-61204,Aqeel.Badi@gmail.com
N91939091,ZW456105,5/29/1998,Satam,Amjad,AP2,+(212) 446-01693,Satam.Amjad@gmail.com
N93244088,ZM812054,2/1/1998,Ab,Munif,AP2,+(212) 078-01845,Ab.Munif@gmail.com
N36992109,WF678114,11/15/1998,Fasih,Abdul Qadir,AP2,+(212) 189-93067,Fasih.Abdul Qadir@gmail.com
N66270620,BO189477,1/28/1998,Rajaei,Saud,AP2,+(212) 177-88390,Rajaei.Saud@gmail.com
N98908727,IX432070,3/1/1999,Abdul Wadud,Khair ad-Din,AP2,+(212) 770-96138,Abdul Wadud.Khair ad-Din@gmail.com
N61006450,RU624600,4/9/1998,Sajjad,Kamal ad-Din,AP2,+(212) 328-64759,Sajjad.Kamal ad-Din@gmail.com
N38724447,MN864177,3/22/1998,Sanaullah,Daniel/Danyal,AP2,+(212) 044-37339,Sanaullah.Daniel/Danyal@gmail.com
N28855838,WZ975378,4/19/1999,Tahmid,Shukri,AP2,+(212) 615-07614,Tahmid.Shukri@gmail.com
N71397790,ED260596,3/5/1999,Abu Abdullah,Adli,AP2,+(212) 019-96470,Abu Abdullah.Adli@gmail.com
N64718845,GT755903,12/9/1998,Kulthum,Taqi al-Din,AP2,+(212) 810-72384,Kulthum.Taqi al-Din@gmail.com
N62914734,FT752023,1/4/1998,Najim ,Fahd,AP2,+(212) 539-38684,Najim .Fahd@gmail.com
N14077680,TL636700,10/15/1998,Kazem,Abdel Fattah,AP2,+(212) 790-57216,Kazem.Abdel Fattah@gmail.com
N13238678,FA799461,4/4/1999,Inayatullah,Tariq,AP2,+(212) 150-20349,Inayatullah.Tariq@gmail.com
N95452637,JC554119,3/9/1999,Ali Naqi,Barkatullah,AP2,+(212) 333-93701,Ali Naqi.Barkatullah@gmail.com
N20933693,DY540347,6/4/1999,Imad,Sanaullah,AP2,+(212) 277-72159,Imad.Sanaullah@gmail.com
N30630104,HG565677,9/25/1998,Muslim ,Habib ur Rahman,AP2,+(212) 166-53207,Muslim .Habib ur Rahman@gmail.com
N69638011,EY628629,1/31/1999,Rasul ,Najm,AP2,+(212) 386-92953,Rasul .Najm@gmail.com
N77756012,XJ500567,8/24/1998,Sajid,Fahmi,AP2,+(212) 250-48396,Sajid.Fahmi@gmail.com
N70792997,QI104074,5/30/1999,Daniel/Danyal,Zane,AP2,+(212) 515-39688,Daniel/Danyal.Zane@gmail.com
N69090130,KS801328,6/23/1998,Ghulam,Abdul Hakim,AP2,+(212) 845-71181,Ghulam.Abdul Hakim@gmail.com
N67029730,GS515736,12/17/1998,Ihab,Junayd,AP2,+(212) 288-36069,Ihab.Junayd@gmail.com
N95667036,KF782145,6/12/1998,Samadu,Anwaruddin,AP2,+(212) 080-83142,Samadu.Anwaruddin@gmail.com
N13672382,JM774666,2/1/1999,Nizam al-Din,Ibro,AP2,+(212) 765-61087,Nizam al-Din.Ibro@gmail.com
N96320483,NK846267,12/9/1998,Abdul Hakim,Ataullah,AP2,+(212) 376-08962,Abdul Hakim.Ataullah@gmail.com
N90233512,NC141499,6/14/1999,Ahad,Samir,AP2,+(212) 565-29361,Ahad.Samir@gmail.com
N25713474,AX225545,3/14/1998,Asif,Faraj,AP2,+(212) 886-95407,Asif.Faraj@gmail.com
N14766170,ZJ662803,6/18/1999,Murtaza,Hibat Allah,AP2,+(212) 341-86127,Murtaza.Hibat Allah@gmail.com
N43282889,LA595457,12/8/1998,Numan,Tarazi,AP2,+(212) 608-57461,Numan.Tarazi@gmail.com
N53564489,IA994970,6/9/1999,Zafer,Ayub,AP2,+(212) 101-47076,Zafer.Ayub@gmail.com
N48360297,LP299834,4/17/1999,Bilel,Abd Manaf,AP2,+(212) 403-45283,Bilel.Abd Manaf@gmail.com
N48081460,FN998886,5/21/1999,Taqi,Suleiman,AP2,+(212) 867-90767,Taqi.Suleiman@gmail.com
N75301328,BT261564,5/30/1999,Fatin,Izz al-Din,AP2,+(212) 856-04367,Fatin.Izz al-Din@gmail.com
N26446777,PD856383,12/10/1998,Samer ,Rahim,AP2,+(212) 567-12736,Samer .Rahim@gmail.com
N65737428,GA912231,9/4/1998,Karem,Masoud,AP2,+(212) 209-36896,Karem.Masoud@gmail.com
N51813427,LN943760,3/18/1999,Fazlul Haq,Azmi,AP2,+(212) 259-09777,Fazlul Haq.Azmi@gmail.com
N46289825,ST123434,1/16/1999,Abdul Halim,Safiullah,AP2,+(212) 135-55837,Abdul Halim.Safiullah@gmail.com
N21559584,VJ647502,4/25/1999,Kadri ,Hashim,AP2,+(212) 066-56740,Kadri .Hashim@gmail.com
N32058729,VS100713,8/24/1998,Azizullah,Rashid al-Din,AP2,+(212) 842-47256,Azizullah.Rashid al-Din@gmail.com
N47934998,JE306698,3/29/1999,Nuh ,Ghiyath al-Din,AP2,+(212) 249-73540,Nuh .Ghiyath al-Din@gmail.com
N95926438,ZB631425,3/26/1999,Zainal,Lutfur Rahman,AP2,+(212) 129-15106,Zainal.Lutfur Rahman@gmail.com
N60888228,NE656657,9/12/1998,Isa ,Faizullah,AP2,+(212) 010-96805,Isa .Faizullah@gmail.com
N45480767,BL388771,2/10/1998,Anis,Barkatullah,AP2,+(212) 749-29243,Anis.Barkatullah@gmail.com
N21115531,WH640838,1/6/1999,Idris ,Abd al-Aziz,AP2,+(212) 203-99056,Idris .Abd al-Aziz@gmail.com
N15810543,VZ994247,6/12/1998,Abdul Qayyum,Asil,AP2,+(212) 880-70048,Abdul Qayyum.Asil@gmail.com
N98645793,OE559532,5/10/1999,Abdu,Majid ,AP2,+(212) 430-55548,Abdu.Majid @gmail.com
N76477199,PW412747,4/19/1999,Ahad,Abdul Karim,AP2,+(212) 509-19388,Ahad.Abdul Karim@gmail.com
N91262854,UQ585676,3/18/1999,Arif,Jalal ad-Din,AP2,+(212) 325-24167,Arif.Jalal ad-Din@gmail.com
N76201279,JW341732,11/9/1998,Sadr al-Din,Atiq,AP2,+(212) 448-69126,Sadr al-Din.Atiq@gmail.com
N19551308,QF119599,2/7/1998,Muhsin,Zainal Abidin,AP2,+(212) 221-28052,Muhsin.Zainal Abidin@gmail.com
N42078877,FV699266,3/5/1999,Kadir,Sadik,AP2,+(212) 603-92826,Kadir.Sadik@gmail.com
N86229087,BC672961,4/26/1998,Qudratullah,Aman Ali,G3EI1,+(212) 386-27699,Qudratullah.Aman Ali@gmail.com
N98079033,SZ755299,3/22/1999,Hayatullah,Ishak ,G3EI1,+(212) 142-95866,Hayatullah.Ishak @gmail.com
N95694254,DI762748,9/11/1998,Sanaullah,Othman ,G3EI1,+(212) 058-83881,Sanaullah.Othman @gmail.com
N43114007,DT767971,3/14/1999,Junayd,Atiqullah,G3EI1,+(212) 103-23193,Junayd.Atiqullah@gmail.com
N58857373,NF639370,2/2/1999,Nawaf,Aminullah,G3EI1,+(212) 224-60588,Nawaf.Aminullah@gmail.com
N37210561,PF125015,3/4/1998,Zainal,Zubayr ,G3EI1,+(212) 511-86700,Zainal.Zubayr @gmail.com
N37029972,TI287668,1/9/1998,Ubayd Allah,Abdul Hamid,G3EI1,+(212) 253-21369,Ubayd Allah.Abdul Hamid@gmail.com
N94600013,DV381495,2/9/1999,Nu'man,Sa‘id,G3EI1,+(212) 044-78522,Nu'man.Sa‘id@gmail.com
N80257845,HD180685,2/22/1998,Abdul Ghaffar,Azus,G3EI1,+(212) 452-40637,Abdul Ghaffar.Azus@gmail.com
N68561744,ZV181260,1/8/1999,Majid ,Manzur,G3EI1,+(212) 512-76815,Majid .Manzur@gmail.com
N25616793,FS286705,2/20/1999,Bashar,Abdul Rashid,G3EI1,+(212) 501-46408,Bashar.Abdul Rashid@gmail.com
N90063750,GX490326,8/11/1998,Husam ad-Din,Atif,G3EI1,+(212) 070-48130,Husam ad-Din.Atif@gmail.com
N33543417,BR145978,3/11/1998,Salman ,Abbas,G3EI1,+(212) 689-82926,Salman .Abbas@gmail.com
N34043530,PJ948206,6/20/1998,Inayatullah,Hadem,G3EI1,+(212) 201-64058,Inayatullah.Hadem@gmail.com
N19037413,ZL964167,1/19/1998,Azeem,Nasir al-Din,G3EI1,+(212) 816-22250,Azeem.Nasir al-Din@gmail.com
N95063409,WL390613,8/31/1998,Boulos,Rashad,G3EI1,+(212) 062-28466,Boulos.Rashad@gmail.com
N71687502,ZH989738,1/5/1998,Billah,Nowfal,G3EI1,+(212) 109-09989,Billah.Nowfal@gmail.com
N91269991,LW374657,1/7/1998,Abu'l-Fadl,Nawaf,G3EI1,+(212) 080-48180,Abu'l-Fadl.Nawaf@gmail.com
N57991502,NG227067,6/9/1999,Munib,Yakub,G3EI1,+(212) 308-73357,Munib.Yakub@gmail.com
N86741712,JL568767,7/22/1998,Barkatullah,Ibro,G3EI1,+(212) 242-56409,Barkatullah.Ibro@gmail.com
N67311012,BD764739,7/6/1998,Alim,Jamil,G3EI1,+(212) 553-69010,Alim.Jamil@gmail.com
N76052361,VJ478525,4/28/1998,Jameel,Gaffar,G3EI1,+(212) 835-34687,Jameel.Gaffar@gmail.com
N68683617,GS748778,2/6/1998,Abu'l-Fadl,Abdul Hai,G3EI1,+(212) 533-77267,Abu'l-Fadl.Abdul Hai@gmail.com
N25863005,MA912027,8/11/1998,Jubayr,Nizam al-Din,G3EI1,+(212) 231-78902,Jubayr.Nizam al-Din@gmail.com
N52342519,TI421856,2/27/1998,Abdul Mannan,Akif,G3EI1,+(212) 588-44971,Abdul Mannan.Akif@gmail.com
N78434962,WN846806,2/9/1998,Jameel,Zahir al-Din,G3EI1,+(212) 162-36049,Jameel.Zahir al-Din@gmail.com
N76733370,JK826887,11/13/1998,Samiullah,Sidqi,G3EI1,+(212) 556-42188,Samiullah.Sidqi@gmail.com
N69798253,VA527787,3/7/1998,Azhar,Uthman ,G3EI1,+(212) 493-27643,Azhar.Uthman @gmail.com
N21223891,AB434424,6/9/1998,Lalji,Naseer,G3EI1,+(212) 400-75473,Lalji.Naseer@gmail.com
N34313023,QM799230,3/3/1999,Adeel,Khadem,G3EI1,+(212) 537-57021,Adeel.Khadem@gmail.com
N65087064,VR512889,7/11/1998,Brahim,Fazl ur Rahman,G3EI1,+(212) 826-10633,Brahim.Fazl ur Rahman@gmail.com
N22665638,WL260562,6/24/1999,Zahir al-Din,Shawkat,G3EI1,+(212) 042-97336,Zahir al-Din.Shawkat@gmail.com
N20156988,PA150171,6/23/1998,Kamal ad-Din,Jamal,G3EI1,+(212) 437-71164,Kamal ad-Din.Jamal@gmail.com
N31353693,DP427323,11/17/1998,Shad ,Asif,G3EI1,+(212) 719-17416,Shad .Asif@gmail.com
N81146590,HK501669,3/4/1999,Ammar,Murad,G3EI1,+(212) 378-93076,Ammar.Murad@gmail.com
N21969438,TX294227,11/23/1998,Naif ,Daniel/Danyal,G3EI1,+(212) 029-49927,Naif .Daniel/Danyal@gmail.com
N24064931,MA922941,6/10/1998,Fathi,Ghassan ,G3EI1,+(212) 423-55002,Fathi.Ghassan @gmail.com
N15178746,NI678827,12/23/1998,Raed,Baha,G3EI1,+(212) 620-75875,Raed.Baha@gmail.com
N84207354,XA203755,4/2/1999,Wahid,Abid,G3EI1,+(212) 703-52334,Wahid.Abid@gmail.com
N45751606,DO419865,2/10/1999,Imad,Jamil,G3EI1,+(212) 179-99853,Imad.Jamil@gmail.com
N70041271,CZ329263,7/14/1998,Quddus,Bagher,G3EI1,+(212) 649-72318,Quddus.Bagher@gmail.com
N42708173,EG189364,6/2/1998,Sajjad,Murad,G3EI1,+(212) 397-36786,Sajjad.Murad@gmail.com
N81924059,LK600403,12/21/1998,Mansur,Nihad,G3EI1,+(212) 873-57416,Mansur.Nihad@gmail.com
N41612838,IE412784,5/2/1999,Hafizullah,Rakib,G3EI1,+(212) 385-82416,Hafizullah.Rakib@gmail.com
N10733411,KJ852535,7/17/1998,Hayatullah,Lalji,G3EI1,+(212) 379-09744,Hayatullah.Lalji@gmail.com
N86747341,XW517935,4/19/1999,Aman Ali,Arif,G3EI1,+(212) 559-17795,Aman Ali.Arif@gmail.com
N24677761,VN764893,7/7/1998,Ihsan ,Junayd,G3EI1,+(212) 279-66718,Ihsan .Junayd@gmail.com
N28825560,GT438718,5/20/1998,Mohy al-Din,Sarmad,G3EI1,+(212) 859-33781,Mohy al-Din.Sarmad@gmail.com
N11099446,HD126420,9/15/1998,Nassif,Ridwan ,G3EI1,+(212) 466-68969,Nassif.Ridwan @gmail.com
N79397098,XH437005,2/12/1998,Shukri,Fakhr al-Din,G3EI2,+(212) 088-58451,Shukri.Fakhr al-Din@gmail.com
N87869047,BI504323,6/24/1999,Fariduddin,Ghulam Mohiuddin,G3EI2,+(212) 753-25740,Fariduddin.Ghulam Mohiuddin@gmail.com
N81332444,JH105788,7/3/1998,Wajid ,Daud ,G3EI2,+(212) 610-69366,Wajid .Daud @gmail.com
N23501614,NG460216,4/22/1999,Ghanem,Azimullah,G3EI2,+(212) 541-08938,Ghanem.Azimullah@gmail.com
N20659234,ET666112,4/9/1998,Abu Hamza,Othman ,G3EI2,+(212) 268-91759,Abu Hamza.Othman @gmail.com
N72328557,FC695337,11/8/1998,Nasrallah,Azimullah,G3EI2,+(212) 568-56415,Nasrallah.Azimullah@gmail.com
N12215719,AU919772,8/16/1998,Abu Nasir,Rashad,G3EI2,+(212) 166-64743,Abu Nasir.Rashad@gmail.com
N82726145,TR817721,3/6/1999,Rashad,Yusuf Ali,G3EI2,+(212) 114-88502,Rashad.Yusuf Ali@gmail.com
N22415805,PX191630,2/12/1998,Hisham ud-Din,Abu Bakr,G3EI2,+(212) 239-93858,Hisham ud-Din.Abu Bakr@gmail.com
N82070815,TB964332,3/3/1999,Imtiaz,Uthman ,G3EI2,+(212) 393-48005,Imtiaz.Uthman @gmail.com
N88238066,MR133716,4/16/1999,Muammer,Abu Nasir,G3EI2,+(212) 673-43175,Muammer.Abu Nasir@gmail.com
N37981127,OI709319,7/20/1998,Akeem,Nuh ,G3EI2,+(212) 452-84092,Akeem.Nuh @gmail.com
N93095853,KI478135,9/16/1998,Khalid,Zaki,G3EI2,+(212) 423-11536,Khalid.Zaki@gmail.com
N36089755,KX913596,6/6/1998,Najibullah,Harun,G3EI2,+(212) 054-83092,Najibullah.Harun@gmail.com
N49497152,KV949867,7/25/1998,Abdel Nour,Baha,G3EI2,+(212) 344-12536,Abdel Nour.Baha@gmail.com
N22149528,NN786782,3/31/1998,Moatassem,Azhar,G3EI2,+(212) 435-05588,Moatassem.Azhar@gmail.com
N94774931,OE978860,11/29/1998,Mahfuz ,Ramzan,G3EI2,+(212) 006-12912,Mahfuz .Ramzan@gmail.com
N10984351,WA578930,10/7/1998,Khakim,Adem,G3EI2,+(212) 834-58908,Khakim.Adem@gmail.com
N32746186,MM791357,1/8/1999,Abdullah,Qusay,G3EI2,+(212) 620-95570,Abdullah.Qusay@gmail.com
N78686058,DG846906,2/9/1998,Aden ,Wazir,G3EI2,+(212) 624-50199,Aden .Wazir@gmail.com
N80115105,ZD690492,10/15/1998,Nur al-Din,Daud ,G3EI2,+(212) 446-89564,Nur al-Din.Daud @gmail.com
N50517377,WU642501,6/6/1998,Caden,Samiullah,G3EI2,+(212) 794-22216,Caden.Samiullah@gmail.com
N24060618,BA504432,7/26/1998,Adir,Abbas,G3EI2,+(212) 842-62298,Adir.Abbas@gmail.com
N17834944,TG908975,12/29/1998,Afif,Jasem,G3EI2,+(212) 018-78491,Afif.Jasem@gmail.com
N37456376,LH750599,3/5/1999,Raed,Safi al-Din,G3EI2,+(212) 862-86543,Raed.Safi al-Din@gmail.com
N35967626,ZB954080,9/9/1998,Fouzan,Khakim,G3EI2,+(212) 886-13998,Fouzan.Khakim@gmail.com
N20792145,UL251206,2/27/1998,Nurullah,Abdul,G3EI2,+(212) 451-68654,Nurullah.Abdul@gmail.com
N42047100,MM591873,10/2/1998,Shujauddin,Shahrukh ,G3EI2,+(212) 034-52530,Shujauddin.Shahrukh @gmail.com
N21386496,EK489168,4/11/1999,Abdus Salam,Aden ,G3EI2,+(212) 543-14666,Abdus Salam.Aden @gmail.com
N18466085,ER798699,1/19/1998,Abu Hamza,Dastgir,G3EI2,+(212) 108-33817,Abu Hamza.Dastgir@gmail.com
N52975358,DL237651,4/15/1999,Hidayatullah,Izzatullah,G3EI2,+(212) 120-90095,Hidayatullah.Izzatullah@gmail.com
N92330813,UK452004,8/5/1998,Muhsin,Abd al-Uzza,G3EI2,+(212) 254-22573,Muhsin.Abd al-Uzza@gmail.com
N97206634,SK610716,12/10/1998,Haldun,Talib ,G3EI2,+(212) 745-17364,Haldun.Talib @gmail.com
N45595691,VU934487,1/15/1999,Qutb,Abu'l-Fadl,G3EI2,+(212) 266-52835,Qutb.Abu'l-Fadl@gmail.com
N38697168,UB709746,5/31/1999,Abdul,Nahyan,G3EI2,+(212) 251-38719,Abdul.Nahyan@gmail.com
N11255064,RU112265,7/5/1998,Hassim,Rahmi,G3EI2,+(212) 096-27873,Hassim.Rahmi@gmail.com
N85824914,VP829823,1/8/1999,Abdur Rahim,Samir,G3EI2,+(212) 344-40107,Abdur Rahim.Samir@gmail.com
N84956705,HF264595,12/15/1998,Ali Naqi,Kazem,G3EI2,+(212) 393-56448,Ali Naqi.Kazem@gmail.com
N84582361,PS674261,5/6/1998,Adem,Kazem,G3EI2,+(212) 106-04557,Adem.Kazem@gmail.com
N74661754,TQ947324,5/13/1998,Hossam,Samiullah,G3EI2,+(212) 213-86248,Hossam.Samiullah@gmail.com
N45326972,BQ452576,8/6/1998,Sultan ,Naqibullah,G3EI2,+(212) 600-24027,Sultan .Naqibullah@gmail.com
N94260664,DI715865,7/12/1998,Abu Abdullah,Nasrallah,G3EI2,+(212) 508-03299,Abu Abdullah.Nasrallah@gmail.com
N80364762,UA373897,8/21/1998,Farid,Azhar,G3EI2,+(212) 136-17814,Farid.Azhar@gmail.com
N49232681,EY233460,10/17/1998,Rayan,Mubarak ,G3EI2,+(212) 181-34308,Rayan.Mubarak @gmail.com
N46504927,EC476520,6/27/1998,Hisham ud-Din,Sharaf al-Din,G3EI2,+(212) 539-90549,Hisham ud-Din.Sharaf al-Din@gmail.com
N81533593,SL220516,1/17/1999,Abdul Bari,Samir,G3EI2,+(212) 427-55082,Abdul Bari.Samir@gmail.com
N54238146,MA550696,9/30/1998,Sultan ,Hikmat,G3EI2,+(212) 455-93973,Sultan .Hikmat@gmail.com
N89306262,AH710669,4/1/1999,Moatassem,Nabih,G3EI2,+(212) 633-85538,Moatassem.Nabih@gmail.com
N68394079,LR668574,3/17/1999,Abid,Abdul Hafiz,G3EI2,+(212) 225-39155,Abid.Abdul Hafiz@gmail.com
N33935312,BW263952,6/22/1999,Fadel,Waliullah ,G3EI2,+(212) 351-75265,Fadel.Waliullah @gmail.com
N63470205,QU440006,5/19/1998,Sadr al-Din,Nimatullah,G3EI2,+(212) 247-82098,Sadr al-Din.Nimatullah@gmail.com
N29306663,TK217276,5/25/1999,Wael,Jaber,G3EI2,+(212) 080-64075,Wael.Jaber@gmail.com
N80988519,TF159145,8/13/1998,Najibullah,Fatin,G3EI2,+(212) 262-76439,Najibullah.Fatin@gmail.com
N45740970,OM930682,11/28/1998,Khalil ,Wael,G3EI2,+(212) 073-10910,Khalil .Wael@gmail.com
N57413767,WT944502,12/9/1998,Ghassan ,Samer ,G3EI2,+(212) 043-93213,Ghassan .Samer @gmail.com
N87313236,QQ420009,2/12/1998,Amin,Faiz,G3EI2,+(212) 045-68354,Amin.Faiz@gmail.com
N48962119,AW888142,7/7/1998,Fariduddin,Naseer,G3EI3,+(212) 732-18456,Fariduddin.Naseer@gmail.com
N43685820,WM734503,6/9/1999,Baki,Nasuh,G3EI3,+(212) 816-37568,Baki.Nasuh@gmail.com
N50938940,OS503434,1/26/1998,Ayub,Kamil,G3EI3,+(212) 496-08722,Ayub.Kamil@gmail.com
N56797495,FR785167,5/27/1999,Fatin,Abdel Fattah,G3EI3,+(212) 835-86771,Fatin.Abdel Fattah@gmail.com
N41376596,BX469148,9/19/1998,Akram,Fazl,G3EI3,+(212) 285-33559,Akram.Fazl@gmail.com
N92064780,HU676274,3/3/1998,Nadur (last name),Ehsanullah,G3EI3,+(212) 036-22896,Nadur (last name).Ehsanullah@gmail.com
N48969204,OX214424,1/11/1999,Naguib,Zaki,G3EI3,+(212) 884-32403,Naguib.Zaki@gmail.com
N85886150,JL288501,6/2/1999,Furkan,Abu'l-Fadl,G3EI3,+(212) 594-08238,Furkan.Abu'l-Fadl@gmail.com
N53592944,OJ490719,11/26/1998,Mojtaba,Tariq,G3EI3,+(212) 471-37349,Mojtaba.Tariq@gmail.com
N34194799,XN981497,1/23/1998,Dhikrullah,Hassan ,G3EI3,+(212) 505-07072,Dhikrullah.Hassan @gmail.com
N60633434,XQ409850,9/14/1998,Nu'man,Nazim,G3EI3,+(212) 426-85430,Nu'man.Nazim@gmail.com
N17241254,MH642584,6/18/1999,Naqibullah,Asem,G3EI3,+(212) 394-41156,Naqibullah.Asem@gmail.com
N99018627,YD784570,4/17/1999,Aladdin,Jameel,G3EI3,+(212) 417-33308,Aladdin.Jameel@gmail.com
N59337655,KR469502,6/17/1998,Ikhtiyar al-Din,Adeem,G3EI3,+(212) 745-08194,Ikhtiyar al-Din.Adeem@gmail.com
N33829073,HK616633,1/16/1999,Abdul Azim,Rakibul,G3EI3,+(212) 756-83127,Abdul Azim.Rakibul@gmail.com
N18651520,BJ641504,8/19/1998,Quddus,Tayfur,G3EI3,+(212) 078-09473,Quddus.Tayfur@gmail.com
N89880213,TQ150923,4/4/1999,Rajaei,Jawad ,G3EI3,+(212) 528-44936,Rajaei.Jawad @gmail.com
N99368170,XC892749,2/5/1998,Hamdan,Jabal ,G3EI3,+(212) 777-43362,Hamdan.Jabal @gmail.com
N50406944,DM188594,4/28/1998,Samiullah,Abdul Basit,G3EI3,+(212) 039-46953,Samiullah.Abdul Basit@gmail.com
N64297991,QV498143,7/24/1998,Ishak ,Rasul ,G3EI3,+(212) 013-46586,Ishak .Rasul @gmail.com
N82396750,FS525202,6/2/1998,Daud ,Nurullah,G3EI3,+(212) 727-33404,Daud .Nurullah@gmail.com
N98681076,KP167176,5/15/1998,Mahdi ,Mahbubur,G3EI3,+(212) 431-31025,Mahdi .Mahbubur@gmail.com
N11135052,KJ386741,4/20/1999,Abu al-Qasim,Redouane,G3EI3,+(212) 843-67807,Abu al-Qasim.Redouane@gmail.com
N73618234,MU838435,12/7/1998,Baha,Abdul Sattar,G3EI3,+(212) 513-02254,Baha.Abdul Sattar@gmail.com
N73050051,AO438062,2/26/1998,Latif,Nasim,G3EI3,+(212) 853-57194,Latif.Nasim@gmail.com
N37973837,FY163301,5/10/1998,Munib,Uthman ,G3EI3,+(212) 437-96554,Munib.Uthman @gmail.com
N97681534,MM179224,1/21/1999,Riad ,Akram,G3EI3,+(212) 301-76762,Riad .Akram@gmail.com
N58781949,ZZ788045,11/3/1998,Adir,Bara,G3EI3,+(212) 056-76926,Adir.Bara@gmail.com
N80422328,LK751041,5/31/1998,Wahid,Mahfuz ,G3EI3,+(212) 374-23348,Wahid.Mahfuz @gmail.com
N55212117,UY453145,7/28/1998,Fathi,Ramiz,G3EI3,+(212) 134-72624,Fathi.Ramiz@gmail.com
N98466634,RV399446,11/10/1998,Bahri,Dhikrullah,G3EI3,+(212) 582-30038,Bahri.Dhikrullah@gmail.com
N76886581,EG662140,10/16/1998,Sabah ad-Din,Hassan ,G3EI3,+(212) 369-69710,Sabah ad-Din.Hassan @gmail.com
N73029690,HO656488,4/22/1999,Sanaullah,Jaber,G3EI3,+(212) 198-51038,Sanaullah.Jaber@gmail.com
N10331613,YW658967,8/22/1998,Abdul Karim,Faraj,G3EI3,+(212) 579-10123,Abdul Karim.Faraj@gmail.com
N68213442,PY300118,1/15/1998,Shukri,Anwaruddin,G3EI3,+(212) 710-61995,Shukri.Anwaruddin@gmail.com
N39426288,IJ276558,3/1/1998,Mubarak ,Abu'l-Fadl,G3EI3,+(212) 356-62658,Mubarak .Abu'l-Fadl@gmail.com
N12857821,ZI704002,3/26/1999,Hasib ,Abdur Razzaq,G3EI3,+(212) 637-94244,Hasib .Abdur Razzaq@gmail.com
N59179620,FA172127,11/11/1998,Nimatullah,Sidique,G3EI3,+(212) 868-56044,Nimatullah.Sidique@gmail.com
N61451226,JR215335,9/15/1998,Ghanem,Shaban ,G3EI3,+(212) 557-39399,Ghanem.Shaban @gmail.com
N21240393,YS817377,3/18/1999,Kafeel,Dawoud,G3EI3,+(212) 752-02621,Kafeel.Dawoud@gmail.com
N47017825,IE946805,5/23/1999,Azmi,Hajj ,G3EI3,+(212) 227-33465,Azmi.Hajj @gmail.com
N18170520,MG738906,5/15/1999,Zainal,Bara,G3EI3,+(212) 185-19316,Zainal.Bara@gmail.com
N12733279,NG304241,7/14/1998,Fahmi,Zubayr ,G3EI3,+(212) 827-07912,Fahmi.Zubayr @gmail.com
N97375035,IO585231,9/1/1998,Luay,Hamid al-Din,G3EI3,+(212) 633-33276,Luay.Hamid al-Din@gmail.com
N20601670,EB249388,12/28/1998,Abdul Monem,Abdul Hussein,G3EI3,+(212) 563-70057,Abdul Monem.Abdul Hussein@gmail.com
N69188597,IY915744,3/14/1999,Abdul Jabbar,Jamal,G3EI3,+(212) 874-91419,Abdul Jabbar.Jamal@gmail.com
N84894957,GM741108,2/23/1999,Fatin,Abdul Wahid,G3EI3,+(212) 582-95277,Fatin.Abdul Wahid@gmail.com
N36247649,HB823664,8/6/1998,Wafi,Abd Manaf,G3EI3,+(212) 017-83442,Wafi.Abd Manaf@gmail.com
N72284434,MW937404,1/3/1999,Zainal,Ibro,G3EI3,+(212) 154-43515,Zainal.Ibro@gmail.com
N91016561,KO847093,9/4/1998,Ghanem,Hossam,G3EI3,+(212) 343-33133,Ghanem.Hossam@gmail.com
N55748369,AZ443897,10/26/1998,Jawdat,Rushdi,G3EI3,+(212) 126-16401,Jawdat.Rushdi@gmail.com
N37029258,WS925660,4/2/1999,Yadollah,Hatem,G3EI3,+(212) 117-89315,Yadollah.Hatem@gmail.com
N54928792,GA680556,9/17/1998,Raed,Ziaur Rahman ,GIND1,+(212) 721-35033,Raed.Ziaur Rahman @gmail.com
N23389392,GV488750,9/22/1998,Abdul Karim,Naseer,GIND1,+(212) 577-14010,Abdul Karim.Naseer@gmail.com
N37305220,OQ568211,6/16/1998,Anwaruddin,Sajjad,GIND1,+(212) 271-57453,Anwaruddin.Sajjad@gmail.com
N15140584,EA974874,3/8/1998,Ghulam,Abdul Sattar,GIND1,+(212) 831-00542,Ghulam.Abdul Sattar@gmail.com
N42433184,TY342061,5/5/1999,Fadel,Abdul Samad,GIND1,+(212) 406-66077,Fadel.Abdul Samad@gmail.com
N83060627,AQ800918,11/22/1998,Saifullah,Ehsanullah,GIND1,+(212) 870-69557,Saifullah.Ehsanullah@gmail.com
N37604549,CZ239503,4/22/1998,Rukn al-Din,Inayatullah,GIND1,+(212) 283-42481,Rukn al-Din.Inayatullah@gmail.com
N84792740,DG838699,2/23/1998,Zafar ,Atiq,GIND1,+(212) 447-27860,Zafar .Atiq@gmail.com
N22945664,LS547623,6/12/1998,Ismat ad-Din,Habib ur Rahman,GIND1,+(212) 808-90592,Ismat ad-Din.Habib ur Rahman@gmail.com
N75499098,KM459949,1/13/1999,Izz al-Din,Osama ,GIND1,+(212) 030-92201,Izz al-Din.Osama @gmail.com
N11460948,DV906281,8/24/1998,Hikmat,Fawaz,GIND1,+(212) 054-35261,Hikmat.Fawaz@gmail.com
N91254094,RS744861,5/10/1999,Azus,Azizullah,GIND1,+(212) 596-17199,Azus.Azizullah@gmail.com
N66560095,PQ957331,10/26/1998,Alaa,Faizan,GIND1,+(212) 242-91705,Alaa.Faizan@gmail.com
N39831050,MX752245,4/27/1999,Yacine,Izz al-Din,GIND1,+(212) 700-95117,Yacine.Izz al-Din@gmail.com
N83699412,KL555288,3/7/1999,Abd Rabbo,Abdul Karim,GIND1,+(212) 338-53926,Abd Rabbo.Abdul Karim@gmail.com
N46442777,SN457179,10/28/1998,Sidqi,Nawaf,GIND1,+(212) 163-72704,Sidqi.Nawaf@gmail.com
N45866044,NE522560,6/15/1998,Halim ,Sidique,GIND1,+(212) 469-35902,Halim .Sidique@gmail.com
N69257212,DE184112,6/5/1998,Hikmat,Abdur Rab,GIND1,+(212) 228-48936,Hikmat.Abdur Rab@gmail.com
N77092482,UY331433,4/8/1998,Mahfuz ,Asif,GIND1,+(212) 199-14998,Mahfuz .Asif@gmail.com
N90584723,ZZ155844,1/17/1999,Sharifullah,Moatassem,GIND1,+(212) 062-20228,Sharifullah.Moatassem@gmail.com
N37895705,OW281062,5/9/1998,Muzaffar,Asif,GIND1,+(212) 308-41632,Muzaffar.Asif@gmail.com
N87821695,ND503738,5/12/1998,Zeeshan,Saif ,GIND1,+(212) 438-45230,Zeeshan.Saif @gmail.com
N91914642,NI107546,5/25/1999,Rukn al-Din,Abu Nasir,GIND1,+(212) 684-42069,Rukn al-Din.Abu Nasir@gmail.com
N31349626,AV341632,9/1/1998,Shukri,Abdul Muttalib,GIND1,+(212) 760-04154,Shukri.Abdul Muttalib@gmail.com
N71674087,ZW929866,11/6/1998,Adeel,Shihab al-Din,GIND1,+(212) 744-41071,Adeel.Shihab al-Din@gmail.com
N77894861,IR184221,1/19/1999,Kashif,Jameel,GIND1,+(212) 095-82054,Kashif.Jameel@gmail.com
N40644646,JH194920,5/31/1999,Mohy al-Din,Khalid,GIND1,+(212) 832-96007,Mohy al-Din.Khalid@gmail.com
N35439125,NV977188,12/28/1998,Sayyid ,Abdel Nour,GIND1,+(212) 031-23974,Sayyid .Abdel Nour@gmail.com
N51676858,UU100577,4/13/1998,Rakibul,Abdul Hai,GIND1,+(212) 399-40804,Rakibul.Abdul Hai@gmail.com
N52773365,WG185839,11/6/1998,Hussein,Irfan ,GIND1,+(212) 285-59285,Hussein.Irfan @gmail.com
N49932374,KB339811,4/23/1999,Taher ,Fatin,GIND1,+(212) 736-17530,Taher .Fatin@gmail.com
N25894956,RL590411,1/13/1998,Samirah,Qudratullah,GIND1,+(212) 311-37702,Samirah.Qudratullah@gmail.com
N78893107,LJ733306,2/3/1998,Fadel,Amin al-Din,GIND1,+(212) 056-37063,Fadel.Amin al-Din@gmail.com
N90488887,LG399335,7/18/1998,Mohammad Taqi,Akram,GIND1,+(212) 267-52197,Mohammad Taqi.Akram@gmail.com
N19761806,KU532700,1/27/1998,Fazli,Ari,GIND1,+(212) 737-45907,Fazli.Ari@gmail.com
N44908730,SB135389,5/12/1999,Azmi,Farhat,GIND1,+(212) 399-06332,Azmi.Farhat@gmail.com
N76947045,AA452536,5/2/1999,Mahir,Abu Abdullah,GIND1,+(212) 192-95951,Mahir.Abu Abdullah@gmail.com
N34701402,IN235629,11/21/1998,Abdul Karim,Abdus Shakur,GIND1,+(212) 578-82773,Abdul Karim.Abdus Shakur@gmail.com
N56696327,KS885393,2/11/1998,Safi al-Din,Abdu,GIND1,+(212) 636-39876,Safi al-Din.Abdu@gmail.com
N76923410,EQ253798,3/25/1998,Yakub,Shamsur Rahman,GIND1,+(212) 725-40555,Yakub.Shamsur Rahman@gmail.com
N84647031,PL648899,10/1/1998,Fathallah,Asghar,GIND1,+(212) 792-92072,Fathallah.Asghar@gmail.com
N72439824,SU301447,6/1/1998,Sharifullah,Mahdi ,GIND1,+(212) 853-16082,Sharifullah.Mahdi @gmail.com
N60976321,BU476284,8/11/1998,Nurullah,Azim,GIND1,+(212) 423-56856,Nurullah.Azim@gmail.com
N60726720,LA921561,6/25/1999,Izzat ,Bashar,GIND1,+(212) 422-07624,Izzat .Bashar@gmail.com
N85597222,BR925712,10/30/1998,Rafiq,Saud,GIND1,+(212) 409-40703,Rafiq.Saud@gmail.com
N94731436,DA752724,11/6/1998,Usama (Lion),Murtaza,GIND1,+(212) 726-36050,Usama (Lion).Murtaza@gmail.com
N42851481,PR568313,4/9/1999,Abdur Rauf,Hamidullah,GIND1,+(212) 635-48801,Abdur Rauf.Hamidullah@gmail.com
N64519023,VP832395,10/21/1998,Inayatullah,Saleh ,GIND2,+(212) 069-90583,Inayatullah.Saleh @gmail.com
N66882001,BN156844,4/11/1998,Nasir al-Din,Wasim,GIND2,+(212) 119-68707,Nasir al-Din.Wasim@gmail.com
N15484985,JH717304,2/11/1998,ayman,Samadu,GIND2,+(212) 293-82796,ayman.Samadu@gmail.com
N64034437,IF862604,2/12/1999,Midhat,Amin,GIND2,+(212) 856-15284,Midhat.Amin@gmail.com
N44050160,MV703437,4/29/1999,Barkatullah,Faizullah,GIND2,+(212) 221-95318,Barkatullah.Faizullah@gmail.com
N58250798,XT551459,4/8/1998,Abu Hafs,Tayeb,GIND2,+(212) 317-01136,Abu Hafs.Tayeb@gmail.com
N32977185,KP248353,2/27/1998,Abdul Hamid,Karem,GIND2,+(212) 398-67873,Abdul Hamid.Karem@gmail.com
N16256903,LM947771,1/28/1999,Faraj,Badi,GIND2,+(212) 678-17849,Faraj.Badi@gmail.com
N77161535,SX737123,1/20/1999,Azhar,Jurj,GIND2,+(212) 040-85076,Azhar.Jurj@gmail.com
N52562518,YO730595,10/25/1998,Habib ur Rahman,Mahbubur,GIND2,+(212) 001-86667,Habib ur Rahman.Mahbubur@gmail.com
N27331690,ZA353354,3/27/1998,Faris ,Fakhruddin,GIND2,+(212) 676-28165,Faris .Fakhruddin@gmail.com
N64953005,SY460429,9/14/1998,Ekram,Muharrem,GIND2,+(212) 251-31166,Ekram.Muharrem@gmail.com
N15935886,MN291157,12/3/1998,Nusrat,Faizullah,GIND2,+(212) 861-53552,Nusrat.Faizullah@gmail.com
N56895972,QH258524,8/4/1998,Ziad,Ishtiaq,GIND2,+(212) 550-99531,Ziad.Ishtiaq@gmail.com
N10407843,YB173902,8/1/1998,Baki,Abdul,GIND2,+(212) 638-23535,Baki.Abdul@gmail.com
N12255286,XX374403,3/18/1999,Sidique,Moin ,GIND2,+(212) 096-60122,Sidique.Moin @gmail.com
N41874934,PH949793,10/24/1998,Naguib,Ja'far,GIND2,+(212) 617-83419,Naguib.Ja'far@gmail.com
N81399963,JV910331,12/13/1998,Sirajuddin,Samer ,GIND2,+(212) 519-11869,Sirajuddin.Samer @gmail.com
N62976695,ZJ727191,12/23/1998,Abdul Hai,Aden ,GIND2,+(212) 648-69713,Abdul Hai.Aden @gmail.com
N14807093,LQ380592,4/10/1999,Nawaf,Qusay,GIND2,+(212) 618-60418,Nawaf.Qusay@gmail.com
N35228239,DF490207,3/28/1999,Abdu,Azhar,GIND2,+(212) 889-04043,Abdu.Azhar@gmail.com
N35749769,MB263264,3/10/1998,Hashem,Sanaullah,GIND2,+(212) 649-10304,Hashem.Sanaullah@gmail.com
N59226521,TM252271,12/19/1998,Hidayatullah,Boutros,GIND2,+(212) 388-34169,Hidayatullah.Boutros@gmail.com
N22048012,BP112920,7/5/1998,Wissem,Shukri,GIND2,+(212) 120-37036,Wissem.Shukri@gmail.com
N77448330,IW638585,3/25/1998,Zainal,Jabr,GIND2,+(212) 877-09106,Zainal.Jabr@gmail.com
N10112942,KN997334,3/6/1998,Abdel Nour,Hamza ,GIND2,+(212) 667-89690,Abdel Nour.Hamza @gmail.com
N61905540,FD405632,9/21/1998,Gulzar ,Amanullah,GIND2,+(212) 222-05773,Gulzar .Amanullah@gmail.com
N17504850,GC904013,3/16/1999,Faiz,Imran,GIND2,+(212) 585-93314,Faiz.Imran@gmail.com
N83362551,SE787766,4/28/1999,Jamal ad-Din,Nazimuddin,GIND2,+(212) 623-33209,Jamal ad-Din.Nazimuddin@gmail.com
N56825286,XB386671,1/27/1998,Afif,Nadir ,GIND2,+(212) 553-39611,Afif.Nadir @gmail.com
N91966467,NF903178,9/14/1998,Abdul Azim,Hafeez,GIND2,+(212) 777-97508,Abdul Azim.Hafeez@gmail.com
N36084133,BA277762,1/18/1999,Marwan,Habib ur Rahman,GIND2,+(212) 302-37586,Marwan.Habib ur Rahman@gmail.com
N79103300,HP116797,2/6/1999,Murad,Fazli,GIND2,+(212) 418-78800,Murad.Fazli@gmail.com
N12899608,VD799539,9/11/1998,Hamid al-Din,Anjem,GIND2,+(212) 322-30995,Hamid al-Din.Anjem@gmail.com
N19507769,EC265041,2/1/1998,Faraj,Zakariya,GIND2,+(212) 597-82576,Faraj.Zakariya@gmail.com
N45529056,RG204923,4/8/1998,Abbad,Anwar,GIND2,+(212) 844-11295,Abbad.Anwar@gmail.com
N21801502,EQ575449,1/24/1998,Khair ad-Din,Mu'iz ad-Din,GIND2,+(212) 220-81012,Khair ad-Din.Mu'iz ad-Din@gmail.com
N98701352,CG854677,5/12/1998,Abdolreza,Hadi,GIND2,+(212) 107-63351,Abdolreza.Hadi@gmail.com
N98811573,RU491098,3/14/1998,Yahya ,Suleiman,GIND2,+(212) 057-06511,Yahya .Suleiman@gmail.com
N90755967,UZ790586,5/30/1999,Imad al-Din,Yahya ,GIND2,+(212) 340-42742,Imad al-Din.Yahya @gmail.com
N66911631,RK968009,5/31/1999,Nur,Abo,GIND2,+(212) 550-75332,Nur.Abo@gmail.com
N98859004,HC933843,5/9/1998,Talat ,Abdel Nour,GIND2,+(212) 697-05848,Talat .Abdel Nour@gmail.com
N58158821,HW673892,1/22/1998,Adib,Mehdi,GIND2,+(212) 189-83260,Adib.Mehdi@gmail.com
N59933472,FD308487,12/28/1998,Latif,Adam,GIND2,+(212) 086-39364,Latif.Adam@gmail.com
N57706177,NB627501,11/28/1998,Rahmi,Mahfuz ,GIND2,+(212) 113-78219,Rahmi.Mahfuz @gmail.com
N70511223,YH137160,11/12/1998,Bilel,Zaim ,GIND2,+(212) 673-88597,Bilel.Zaim @gmail.com
N42236391,IS473084,3/9/1999,Suhail,Mamdouh,GIND2,+(212) 267-91786,Suhail.Mamdouh@gmail.com
N30196221,GM417419,3/18/1998,Anis,Jasem,GIND2,+(212) 060-64519,Anis.Jasem@gmail.com
N41785621,OS358458,3/6/1998,Anisur Rahman,Alaa,GIND2,+(212) 855-59901,Anisur Rahman.Alaa@gmail.com
N38767335,BS251470,5/15/1999,Mua'dh,Faris ,GIND2,+(212) 473-01358,Mua'dh.Faris @gmail.com
N76112431,TA168057,7/26/1998,Jabr,Qaid,GIND2,+(212) 559-28276,Jabr.Qaid@gmail.com
N66404007,QS309740,8/18/1998,Fakhraddin,Saifur Rahman,GIND2,+(212) 566-74094,Fakhraddin.Saifur Rahman@gmail.com
N30430895,KU802729,8/17/1998,Anis,Nasrallah,GIND2,+(212) 842-69074,Anis.Nasrallah@gmail.com
N13503644,QG322594,3/27/1998,Faisal,Shakeel ,GIND2,+(212) 446-94688,Faisal.Shakeel @gmail.com
N74596193,WD269093,5/12/1999,Fazlallah,Talib ,GIND2,+(212) 064-93327,Fazlallah.Talib @gmail.com
N77553944,TU506612,11/9/1998,Michel ,Abdur Rahim,GIND2,+(212) 667-45321,Michel .Abdur Rahim@gmail.com
N37434501,JO106366,1/18/1998,Adib,Abdul Samad,GIND2,+(212) 720-52105,Adib.Abdul Samad@gmail.com
N56285125,YW125133,7/21/1998,Billah,Isa ,GIND2,+(212) 620-44809,Billah.Isa @gmail.com
N34688574,TH328851,9/29/1998,Zayn ad-Din,Husam ad-Din,GIND3,+(212) 533-96074,Zayn ad-Din.Husam ad-Din@gmail.com
N42630492,YI384420,7/18/1998,Ammar,Hussein,GIND3,+(212) 691-91797,Ammar.Hussein@gmail.com
N79482080,GE845978,4/27/1998,Sarmad,Saifullah,GIND3,+(212) 034-30762,Sarmad.Saifullah@gmail.com
N14371578,JQ680566,6/3/1999,Salman ,Naseeb,GIND3,+(212) 604-02605,Salman .Naseeb@gmail.com
N60742222,KL864101,4/26/1998,Mubarak ,Qaid,GIND3,+(212) 124-59040,Mubarak .Qaid@gmail.com
N74590541,QY658770,9/11/1998,Atiqullah,Turki ,GIND3,+(212) 205-36383,Atiqullah.Turki @gmail.com
N16675324,PG845818,2/2/1999,Abdul Samad,Asif,GIND3,+(212) 352-68066,Abdul Samad.Asif@gmail.com
N58463008,GE397843,4/11/1998,Faizullah,Nawaf,GIND3,+(212) 133-66293,Faizullah.Nawaf@gmail.com
N55798388,TP107916,11/6/1998,Abdullah,Labib,GIND3,+(212) 630-03470,Abdullah.Labib@gmail.com
N84180037,QG285266,9/5/1998,Afif,Ibrahim ,GIND3,+(212) 565-92198,Afif.Ibrahim @gmail.com
N76382419,CP108188,3/27/1999,Adham,Najib,GIND3,+(212) 155-19203,Adham.Najib@gmail.com
N32625275,NY740577,4/22/1999,Jameel,Sayf al-Din,GIND3,+(212) 318-45793,Jameel.Sayf al-Din@gmail.com
N34741664,CN217468,5/21/1998,Aziz,Azmi,GIND3,+(212) 661-86189,Aziz.Azmi@gmail.com
N99340851,WD544145,6/13/1999,Khakim,Abid,GIND3,+(212) 890-48328,Khakim.Abid@gmail.com
N38496206,TQ523919,4/25/1999,Anwaruddin,Rizqallah,GIND3,+(212) 090-57182,Anwaruddin.Rizqallah@gmail.com
N32446118,FZ467455,12/21/1998,Wajid ,Ghulam Faruq,GIND3,+(212) 382-01710,Wajid .Ghulam Faruq@gmail.com
N45611629,QD163100,8/7/1998,Arif,Abd al-Aziz,GIND3,+(212) 432-20090,Arif.Abd al-Aziz@gmail.com
N47929300,JC784655,1/30/1998,Abdul Ali,Sajjad,GIND3,+(212) 164-62514,Abdul Ali.Sajjad@gmail.com
N40819047,RM446813,10/6/1998,Fazlallah,Karim,GIND3,+(212) 721-78385,Fazlallah.Karim@gmail.com
N70996612,PO315492,10/3/1998,Asad,Ismail ,GIND3,+(212) 673-26162,Asad.Ismail @gmail.com
N34390201,MR196959,10/28/1998,Wahid,Abdul Sattar,GIND3,+(212) 734-44618,Wahid.Abdul Sattar@gmail.com
N11406692,BS747812,1/15/1999,Muammer,Qutb,GIND3,+(212) 073-41019,Muammer.Qutb@gmail.com
N47134115,QP342524,4/13/1998,Saadallah,Abdus Shakur,GIND3,+(212) 844-20972,Saadallah.Abdus Shakur@gmail.com
N48350876,JP586195,6/3/1999,Fadel,Harun,GIND3,+(212) 029-58059,Fadel.Harun@gmail.com
N70636527,WL188338,6/15/1998,Tahsin,Faizullah,GIND3,+(212) 730-27714,Tahsin.Faizullah@gmail.com
N45937672,MK867611,12/7/1998,Khair ad-Din,Muhammad ,GIND3,+(212) 117-15366,Khair ad-Din.Muhammad @gmail.com
N84611112,NH845475,9/2/1998,Hayatullah,Dawoud,GIND3,+(212) 457-73365,Hayatullah.Dawoud@gmail.com
N54153636,ZK120561,6/16/1999,Abdul Hakim,Jurj,GIND3,+(212) 746-12962,Abdul Hakim.Jurj@gmail.com
N86299984,UR999535,11/18/1998,Ruhi,Mansur,GIND3,+(212) 471-50426,Ruhi.Mansur@gmail.com
N20346597,RA859258,4/12/1998,Faraj,Yusuf Ali,GIND3,+(212) 275-64785,Faraj.Yusuf Ali@gmail.com
N30460237,UB441037,12/6/1998,Zane,Kadeem,GIND3,+(212) 114-22947,Zane.Kadeem@gmail.com
N53280692,MA260323,3/23/1998,Ramzan,Lalji,GIND3,+(212) 071-69126,Ramzan.Lalji@gmail.com
N14276504,VL936034,6/2/1998,Najim ,Jahid,GIND3,+(212) 465-21651,Najim .Jahid@gmail.com
N98568062,RJ642617,3/16/1999,Jarrah ,Abu al-Qasim,GIND3,+(212) 280-60441,Jarrah .Abu al-Qasim@gmail.com
N10026337,GV769391,4/27/1998,Najm al-Din,Ja'far,GIND3,+(212) 306-09037,Najm al-Din.Ja'far@gmail.com
N73918476,RH730216,1/15/1999,Marwan,Habibullah,GIND3,+(212) 188-08231,Marwan.Habibullah@gmail.com
N83228289,CX228633,1/1/1998,Shad ,Mohannad,GIND3,+(212) 745-13479,Shad .Mohannad@gmail.com
N16948187,DD287024,3/13/1999,Abdul Ali,Mumtaz,GIND3,+(212) 402-34363,Abdul Ali.Mumtaz@gmail.com
N16583974,XY667829,2/22/1999,Habib ur Rahman,Saif ,GIND3,+(212) 143-76567,Habib ur Rahman.Saif @gmail.com
N40935890,UU493265,1/5/1998,Kadeem,Taqi,GIND3,+(212) 543-40815,Kadeem.Taqi@gmail.com
N67440380,AZ411601,5/21/1999,Ali Reza,Akeem,GIND3,+(212) 544-58067,Ali Reza.Akeem@gmail.com
N74952777,WB670551,1/4/1998,Sirajuddin,Sarmad,GIND3,+(212) 572-84445,Sirajuddin.Sarmad@gmail.com
N77509314,JI888137,1/20/1999,Abdul Zahir,Jubayr,GIND3,+(212) 321-05144,Abdul Zahir.Jubayr@gmail.com
N53723469,ZV451043,11/24/1998,Shujauddin,Azhar,GIND3,+(212) 561-74040,Shujauddin.Azhar@gmail.com
N45586562,FE391272,6/30/1998,Moatassem,Gamil ,GIND3,+(212) 585-11396,Moatassem.Gamil @gmail.com
N30786250,ND363979,1/19/1998,Farid,Habibullah,GIND3,+(212) 023-23515,Farid.Habibullah@gmail.com
N14042967,AO630329,5/21/1998,Husam ad-Din,Bagher,GIND3,+(212) 171-15940,Husam ad-Din.Bagher@gmail.com
N78603903,TT542766,9/23/1998,Sabah ad-Din,Nasri,GIND3,+(212) 200-33052,Sabah ad-Din.Nasri@gmail.com
N10173950,YX295894,7/17/1998,Aqeel,Muzaffar,GIND3,+(212) 474-45312,Aqeel.Muzaffar@gmail.com
N77110564,IG552740,3/30/1999,Baha' al-Din,Zubayr ,GIND3,+(212) 404-79485,Baha' al-Din.Zubayr @gmail.com
N10389277,YY575476,6/3/1999,Burhan al-Din,Fazl ur Rahman,GIND3,+(212) 072-11427,Burhan al-Din.Fazl ur Rahman@gmail.com
N78245202,UO332782,4/3/1998,Nuh ,Shahrukh ,GIND3,+(212) 822-70841,Nuh .Shahrukh @gmail.com
N49987755,OW443833,3/19/1998,Rayan,Saqib,GINF1,+(212) 420-82447,Rayan.Saqib@gmail.com
N10132359,NP426997,2/19/1999,Abdul Zahra,Nihad,GINF1,+(212) 426-09926,Abdul Zahra.Nihad@gmail.com
N40577463,ZJ767422,11/26/1998,Imad,Hisham ,GINF1,+(212) 630-13214,Imad.Hisham @gmail.com
N31795801,LV107898,2/19/1999,Moin ,Baki,GINF1,+(212) 220-77535,Moin .Baki@gmail.com
N98309954,MZ424582,3/16/1999,Moatassem,Yusuf,GINF1,+(212) 280-17860,Moatassem.Yusuf@gmail.com
N64722181,CD537101,5/7/1999,Nabil,Masoud,GINF1,+(212) 687-30469,Nabil.Masoud@gmail.com
N43442469,MC720680,5/22/1998,Musa ,Abdul Muttalib,GINF1,+(212) 449-87069,Musa .Abdul Muttalib@gmail.com
N97142527,DA707592,3/2/1998,Hamid al-Din,Nabih,GINF1,+(212) 612-81874,Hamid al-Din.Nabih@gmail.com
N54466473,MP195430,1/31/1999,Haitham,Naqibullah,GINF1,+(212) 469-90702,Haitham.Naqibullah@gmail.com
N79208956,OK912917,5/30/1999,Fazlallah,Mahalati,GINF1,+(212) 220-83810,Fazlallah.Mahalati@gmail.com
N68341596,PY341994,4/3/1999,Hidayatullah,Munif,GINF1,+(212) 133-24759,Hidayatullah.Munif@gmail.com
N16992162,OB670131,3/5/1999,Fahri,Haldun,GINF1,+(212) 158-72024,Fahri.Haldun@gmail.com
N95032364,ZM608619,6/16/1998,Faqir ,Nasuh,GINF1,+(212) 144-62081,Faqir .Nasuh@gmail.com
N52276797,SJ927522,3/17/1999,Muslim ,Abdur Rauf,GINF1,+(212) 106-89417,Muslim .Abdur Rauf@gmail.com
N25047054,MV765221,12/24/1998,Wajid ,Yadollah,GINF1,+(212) 730-41758,Wajid .Yadollah@gmail.com
N45195783,WE616544,11/23/1998,Uthman ,Sardar ,GINF1,+(212) 539-50007,Uthman .Sardar @gmail.com
N10760241,UG463827,12/7/1998,Karim,Salah ,GINF1,+(212) 117-83171,Karim.Salah @gmail.com
N20728528,VQ238686,3/21/1999,Zahed,Chadli,GINF1,+(212) 781-17902,Zahed.Chadli@gmail.com
N55508813,MQ193443,10/10/1998,Shams,Fakhr al-Din,GINF1,+(212) 123-84853,Shams.Fakhr al-Din@gmail.com
N93896565,NT601620,1/25/1999,Hussein,Abu Hamza,GINF1,+(212) 039-35740,Hussein.Abu Hamza@gmail.com
N24913511,NG198022,7/23/1998,Adir,Izz al-Din,GINF1,+(212) 885-73388,Adir.Izz al-Din@gmail.com
N89244944,ZI633105,6/1/1999,Nabil,Adib,GINF1,+(212) 094-49702,Nabil.Adib@gmail.com
N45216205,BJ629379,6/1/1999,Amin al-Din,Abid,GINF1,+(212) 595-34057,Amin al-Din.Abid@gmail.com
N94499736,WV366944,10/5/1998,Fakhraddin,Nawaf,GINF1,+(212) 797-24984,Fakhraddin.Nawaf@gmail.com
N48807481,MD573160,1/3/1998,Abu Nasir,Redouane,GINF1,+(212) 564-97740,Abu Nasir.Redouane@gmail.com
N20229423,RQ968880,1/11/1998,Adham,Nowfal,GINF1,+(212) 844-70757,Adham.Nowfal@gmail.com
N90213680,QI846822,3/26/1998,Reza,Sattar,GINF1,+(212) 885-90577,Reza.Sattar@gmail.com
N51053734,OD411601,3/1/1998,Zafarullah,Wazir,GINF1,+(212) 519-23036,Zafarullah.Wazir@gmail.com
N83376693,ET411981,6/9/1999,Amin al-Din,Nazim,GINF1,+(212) 085-56760,Amin al-Din.Nazim@gmail.com
N36310772,XF759076,3/4/1999,Naseer,Ubayd Allah,GINF1,+(212) 767-40907,Naseer.Ubayd Allah@gmail.com
N48415921,KW533566,1/13/1998,Sarmad,Ramzan,GINF1,+(212) 159-46252,Sarmad.Ramzan@gmail.com
N41979939,RI424009,5/16/1998,Hani ,Sharaf al-Din,GINF1,+(212) 145-97677,Hani .Sharaf al-Din@gmail.com
N22547929,WR709242,3/4/1999,Rajab ,Awad,GINF1,+(212) 794-12962,Rajab .Awad@gmail.com
N72506579,XP901749,4/8/1999,Rahmatullah,Murtaza,GINF1,+(212) 488-46868,Rahmatullah.Murtaza@gmail.com
N62049746,FI607852,5/7/1999,Asghar,Musa ,GINF1,+(212) 623-43896,Asghar.Musa @gmail.com
N36679285,VY905594,3/17/1999,Yahya ,Fadel,GINF1,+(212) 858-53528,Yahya .Fadel@gmail.com
N21846354,ZE392767,8/3/1998,Wajdi,Abd al-Rahman,GINF1,+(212) 553-33165,Wajdi.Abd al-Rahman@gmail.com
N61795093,CO907391,4/7/1998,Saleh ,Yusuf Ali,GINF1,+(212) 141-33389,Saleh .Yusuf Ali@gmail.com
N54213477,OF643727,8/9/1998,Akif,Abdur Raqib,GINF1,+(212) 243-51803,Akif.Abdur Raqib@gmail.com
N10008179,MI841974,3/12/1998,Gulzar ,Badr al-Din,GINF1,+(212) 558-74215,Gulzar .Badr al-Din@gmail.com
N72582939,YM856788,8/3/1998,Ghanem,Ghanem,GINF1,+(212) 004-66031,Ghanem.Ghanem@gmail.com
N27343426,OJ995084,6/5/1999,Ali Reza,Abo,GINF1,+(212) 102-83827,Ali Reza.Abo@gmail.com
N25567273,VC864592,12/26/1998,Abu Abdullah,Haldun,GINF1,+(212) 682-63400,Abu Abdullah.Haldun@gmail.com
N44532707,VL433937,2/16/1998,Ismatullah,Sa'd al-Din,GINF1,+(212) 448-02783,Ismatullah.Sa'd al-Din@gmail.com
N80585670,BQ867561,3/21/1998,Anjem,Abdul Hussein,GINF1,+(212) 075-66745,Anjem.Abdul Hussein@gmail.com
N55985677,QN630452,7/20/1998,Azhar,Adil,GINF2,+(212) 129-00545,Azhar.Adil@gmail.com
N77712334,HP115113,7/25/1998,Qusay,Ibro,GINF2,+(212) 590-12913,Qusay.Ibro@gmail.com
N71707874,SI974014,9/30/1998,Azus,Samir,GINF2,+(212) 147-96488,Azus.Samir@gmail.com
N39612188,PC531297,8/22/1998,Jurj,Fasih,GINF2,+(212) 779-53322,Jurj.Fasih@gmail.com
N52959140,TQ548368,3/9/1998,Hanif ,Jameel,GINF2,+(212) 358-95113,Hanif .Jameel@gmail.com
N97677221,HN889607,4/28/1999,Rahmatullah,Atiqullah,GINF2,+(212) 279-48667,Rahmatullah.Atiqullah@gmail.com
N56857765,HP764177,4/17/1998,Hisham ud-Din,Jubayr,GINF2,+(212) 494-00954,Hisham ud-Din.Jubayr@gmail.com
N48300744,GL727699,3/15/1999,Waleed,Michel ,GINF2,+(212) 243-07087,Waleed.Michel @gmail.com
N99286326,GY435590,6/17/1998,Sanaullah,Mamdouh,GINF2,+(212) 373-62076,Sanaullah.Mamdouh@gmail.com
N26131914,SJ189557,2/22/1998,Uday,Nadeem,GINF2,+(212) 143-93058,Uday.Nadeem@gmail.com
N67182089,VA198068,11/24/1998,Abdur Razzaq,Rahmatullah,GINF2,+(212) 093-16410,Abdur Razzaq.Rahmatullah@gmail.com
N42181861,YE259201,5/12/1999,Abu'l-Fadl,Abdul Quddus,GINF2,+(212) 450-98849,Abu'l-Fadl.Abdul Quddus@gmail.com
N35817856,LP861440,1/27/1999,Hidayatullah,Harbi ,GINF2,+(212) 470-72492,Hidayatullah.Harbi @gmail.com
N63362012,UP270165,6/30/1999,Rasul ,Ghassan ,GINF2,+(212) 485-24070,Rasul .Ghassan @gmail.com
N63526548,MR251854,1/21/1998,Nur al-Din,Anwar,GINF2,+(212) 279-51087,Nur al-Din.Anwar@gmail.com
N34069732,FM902304,9/10/1998,Fazli,Lutfullah,GINF2,+(212) 065-28131,Fazli.Lutfullah@gmail.com
N17599530,CO741027,6/1/1998,Qutb,Nazif,GINF2,+(212) 478-46330,Qutb.Nazif@gmail.com
N18116638,YS254910,5/12/1998,Uthman ,Abdul Wahid,GINF2,+(212) 519-32210,Uthman .Abdul Wahid@gmail.com
N69617020,XA878742,3/9/1999,Fayez,Nazif,GINF2,+(212) 566-75559,Fayez.Nazif@gmail.com
N97221830,IM650897,11/17/1998,Zeeshan,Baki,GINF2,+(212) 135-97681,Zeeshan.Baki@gmail.com
N88970378,NU236609,3/22/1999,Abdullah,Abdul Jabbar,GINF2,+(212) 360-16649,Abdullah.Abdul Jabbar@gmail.com
N18093275,SH170682,2/27/1998,Melhem,Mua'dh,GINF2,+(212) 658-64495,Melhem.Mua'dh@gmail.com
N86078399,FV270594,9/5/1998,Anas,Ahsan,GINF2,+(212) 301-42018,Anas.Ahsan@gmail.com
N46514683,GV833622,3/23/1998,Jawad ,Imad,GINF2,+(212) 351-26946,Jawad .Imad@gmail.com
N58140627,XK954908,6/7/1999,Khalil ,Sami ,GINF2,+(212) 768-46001,Khalil .Sami @gmail.com
N70729460,CF412164,3/8/1999,Moncef,Abdolreza,GINF2,+(212) 657-05897,Moncef.Abdolreza@gmail.com
N18537909,WB308479,1/28/1998,Basri,Samir,GINF2,+(212) 258-84740,Basri.Samir@gmail.com
N33525843,MJ877759,3/9/1998,Sardar ,Zainal,GINF2,+(212) 797-81223,Sardar .Zainal@gmail.com
N91481609,XH365967,9/18/1998,Faqir ,Ihab,GINF2,+(212) 334-30848,Faqir .Ihab@gmail.com
N70239879,RU279561,3/5/1999,Murtaza,Naif ,GINF2,+(212) 091-01957,Murtaza.Naif @gmail.com
N55817362,SE546196,1/8/1998,Seif ilislam,Sidqi,GINF2,+(212) 697-79420,Seif ilislam.Sidqi@gmail.com
N47511169,IL398372,11/8/1998,Uthman ,Bagher,GINF2,+(212) 203-36560,Uthman .Bagher@gmail.com
N87103750,XD903361,6/30/1998,Amir,Abu Nasr ,GINF2,+(212) 075-44064,Amir.Abu Nasr @gmail.com
N92417526,RZ289423,11/3/1998,Zeeshan,Kafeel,GINF2,+(212) 045-36908,Zeeshan.Kafeel@gmail.com
N86080356,SR944780,1/5/1999,Hamza ,Nazif,GINF2,+(212) 808-09933,Hamza .Nazif@gmail.com
N62468307,OX791843,1/11/1999,Abdul Hai,Halim,GINF2,+(212) 689-10595,Abdul Hai.Halim@gmail.com
N45909872,RX536768,5/16/1998,Iqbal,Tahsin,GINF2,+(212) 691-04260,Iqbal.Tahsin@gmail.com
N18997253,HH896634,11/5/1998,Asad,Ziauddin,GINF2,+(212) 581-22070,Asad.Ziauddin@gmail.com
N19649025,BL925039,2/11/1999,Habib ur Rahman,Abdul Wadud,GINF2,+(212) 051-30329,Habib ur Rahman.Abdul Wadud@gmail.com
N36211353,CZ184923,8/25/1998,Nadeem,Abdul Wadud,GINF2,+(212) 602-69997,Nadeem.Abdul Wadud@gmail.com
N97412508,PP778726,12/22/1998,Yahya ,Habibullah,GINF2,+(212) 218-69753,Yahya .Habibullah@gmail.com
N92097818,EV737689,6/22/1999,Khamis ,Saifur Rahman,GINF2,+(212) 858-66854,Khamis .Saifur Rahman@gmail.com
N37589081,WW957252,3/20/1999,Nasir,Ramzi,GINF2,+(212) 260-48534,Nasir.Ramzi@gmail.com
N92242810,RP853543,9/2/1998,Barkatullah,Aqeel,GINF2,+(212) 292-81323,Barkatullah.Aqeel@gmail.com
N15522246,PW209495,6/24/1998,Khakim,Inayatullah,GINF2,+(212) 226-01491,Khakim.Inayatullah@gmail.com
N87899637,HT467799,5/14/1999,Abdul Jamil,Yusuf Ali,GINF3,+(212) 255-95299,Abdul Jamil.Yusuf Ali@gmail.com
N95624854,MP758468,4/9/1998,Saifur Rahman,Azimullah,GINF3,+(212) 597-26930,Saifur Rahman.Azimullah@gmail.com
N84904748,TR918610,3/25/1999,Osama ,Hadem,GINF3,+(212) 814-18410,Osama .Hadem@gmail.com
N70776365,FM915688,9/3/1998,Wadih,Abdul Qadir,GINF3,+(212) 173-99732,Wadih.Abdul Qadir@gmail.com
N13384761,DO965537,9/26/1998,Arif,Abdul Majid,GINF3,+(212) 375-36095,Arif.Abdul Majid@gmail.com
N38742896,DY162224,8/9/1998,Izzat ,Khalid,GINF3,+(212) 671-40367,Izzat .Khalid@gmail.com
N85596878,SN803544,11/13/1998,Husam ad-Din,Raji,GINF3,+(212) 883-63017,Husam ad-Din.Raji@gmail.com
N36491773,JF469032,3/14/1998,Inaam,Qasymbek,GINF3,+(212) 881-98797,Inaam.Qasymbek@gmail.com
N30157006,LT439897,12/20/1998,Ismail ,Mashallah ,GINF3,+(212) 732-14388,Ismail .Mashallah @gmail.com
N40430917,GP423662,5/23/1999,Rakibul,Hamdan,GINF3,+(212) 851-86490,Rakibul.Hamdan@gmail.com
N18720203,MJ676845,5/23/1998,Qutb ad-Din,Samir,GINF3,+(212) 233-01193,Qutb ad-Din.Samir@gmail.com
N98825715,JU371212,9/4/1998,Qudratullah,Yusuf Ali,GINF3,+(212) 739-07539,Qudratullah.Yusuf Ali@gmail.com
N42771245,DE414724,4/12/1999,Yunus,Imran,GINF3,+(212) 011-48119,Yunus.Imran@gmail.com
N13563025,GI669535,2/13/1998,Hamdi,Daniel/Danyal,GINF3,+(212) 122-31256,Hamdi.Daniel/Danyal@gmail.com
N46288004,OB813079,4/23/1999,Badi,Moin ,GINF3,+(212) 767-15872,Badi.Moin @gmail.com
N50282781,ZO636769,4/9/1998,Naji,Muhibullah,GINF3,+(212) 095-01904,Naji.Muhibullah@gmail.com
N68048492,SC626922,6/9/1998,Abdul Basir,Ahmed Tijani,GINF3,+(212) 465-44854,Abdul Basir.Ahmed Tijani@gmail.com
N26110867,SL770899,2/7/1998,Abdul Jalil,Adham,GINF3,+(212) 573-47262,Abdul Jalil.Adham@gmail.com
N62029156,JX148320,6/11/1998,Wahed,Saleh ,GINF3,+(212) 236-37272,Wahed.Saleh @gmail.com
N12237440,GO188569,7/4/1998,Ruhullah,Zafer,GINF3,+(212) 241-70059,Ruhullah.Zafer@gmail.com
N50906333,IR662019,1/23/1998,Reza,Uthman ,GINF3,+(212) 851-01648,Reza.Uthman @gmail.com
N20738283,PT502547,5/29/1998,Nabih,Jubayr,GINF3,+(212) 120-65398,Nabih.Jubayr@gmail.com
N62121586,CG215252,6/21/1999,Safi ,Wafi,GINF3,+(212) 730-98915,Safi .Wafi@gmail.com
N83867283,PM282088,11/27/1998,Nahyan,Alim,GINF3,+(212) 441-95948,Nahyan.Alim@gmail.com
N67924050,LQ522974,6/25/1998,Kadri ,Abdul Mannan,GINF3,+(212) 196-35883,Kadri .Abdul Mannan@gmail.com
N68186506,BB547993,3/20/1998,Inam-ul-Haq,Nuh ,GINF3,+(212) 659-76203,Inam-ul-Haq.Nuh @gmail.com
N54346733,UO314699,9/28/1998,Jahid,Wahed,GINF3,+(212) 241-45342,Jahid.Wahed@gmail.com
N69793681,HJ272288,2/8/1998,Jawad ,Faris ,GINF3,+(212) 495-12749,Jawad .Faris @gmail.com
N96524751,LH694990,6/16/1999,Nasir al-Din,Nusrat,GINF3,+(212) 013-23584,Nasir al-Din.Nusrat@gmail.com
N15996503,HJ438985,9/30/1998,Jabal ,Ikramullah,GINF3,+(212) 600-42150,Jabal .Ikramullah@gmail.com
N44678244,LJ720767,9/2/1998,Salah ,Irfan ,GINF3,+(212) 897-77873,Salah .Irfan @gmail.com
N32940529,GZ760692,1/11/1998,Abdul Rashid,Shahrukh ,GINF3,+(212) 595-68986,Abdul Rashid.Shahrukh @gmail.com
N10439861,NR396726,10/6/1998,Shaban ,Daud ,GINF3,+(212) 133-21703,Shaban .Daud @gmail.com
N12137351,AR223697,4/17/1998,Nadur (last name),Ka'b,GINF3,+(212) 056-86840,Nadur (last name).Ka'b@gmail.com
N25385488,FZ311949,6/2/1999,Ridwan ,Wajid ,GINF3,+(212) 598-89931,Ridwan .Wajid @gmail.com
N36003927,TS779099,6/6/1998,Rashid al-Din,Fakhruddin,GINF3,+(212) 502-72172,Rashid al-Din.Fakhruddin@gmail.com
N34011048,TU986851,5/22/1998,Habib ur Rahman,Fahri,GINF3,+(212) 349-55662,Habib ur Rahman.Fahri@gmail.com
N46598773,VP910069,10/22/1998,ayman,Aziz,GINF3,+(212) 161-37655,ayman.Aziz@gmail.com
N75198740,RP247827,6/6/1998,Mubarak ,Rakibul,GINF3,+(212) 847-64894,Mubarak .Rakibul@gmail.com
N83176901,AF297562,6/25/1999,Ja'far,Asghar,GINF3,+(212) 748-06023,Ja'far.Asghar@gmail.com
N10832616,QW965602,3/8/1999,Sabri,Aladdin,GINF3,+(212) 296-47002,Sabri.Aladdin@gmail.com
N90246818,PB720784,4/22/1998,Daniel/Danyal,Shawkat,GINF3,+(212) 489-87503,Daniel/Danyal.Shawkat@gmail.com
N43247105,DB872901,5/12/1998,Qutb,Sadr al-Din,GINF3,+(212) 889-23019,Qutb.Sadr al-Din@gmail.com
N99972729,XZ545049,5/19/1998,Rakibul,Khadem,GINF3,+(212) 524-63312,Rakibul.Khadem@gmail.com
N61196438,XQ529887,5/26/1999,Bara,Rahmi,GINF3,+(212) 713-12374,Bara.Rahmi@gmail.com
N60505399,XM906386,9/2/1998,Satam,Jamal ad-Din,GSTR2,+(212) 858-28999,Satam.Jamal ad-Din@gmail.com
N42859926,NW527822,4/26/1999,Sarmad,Nimatullah,GSTR2,+(212) 715-98053,Sarmad.Nimatullah@gmail.com
N55069334,BA960906,2/25/1999,Saifullah,Hurairah,GSTR2,+(212) 129-02022,Saifullah.Hurairah@gmail.com
N98320964,BV911534,6/23/1998,Shaban ,Sidqi,GSTR2,+(212) 262-33339,Shaban .Sidqi@gmail.com
N45690189,ZZ619485,4/26/1999,Talib ,Shams al-Din,GSTR2,+(212) 524-02115,Talib .Shams al-Din@gmail.com
N18811485,OE242596,12/9/1998,Shahrukh ,Ikhtiyar al-Din,GSTR2,+(212) 108-65162,Shahrukh .Ikhtiyar al-Din@gmail.com
N28814202,GX391640,3/1/1999,Fahri,Muhibullah,GSTR2,+(212) 407-43517,Fahri.Muhibullah@gmail.com
N43097435,SD515858,1/23/1999,Asad,Azhar,GSTR2,+(212) 211-01125,Asad.Azhar@gmail.com
N26964483,EJ617985,3/8/1998,Ghulam Mohiuddin,Uday,GSTR2,+(212) 118-93317,Ghulam Mohiuddin.Uday@gmail.com
N15963626,PB768170,5/16/1998,Izzat ,Abdi,GSTR2,+(212) 554-52408,Izzat .Abdi@gmail.com
N57702452,HZ189290,8/13/1998,Abdul Monem,Imran,GSTR2,+(212) 229-48455,Abdul Monem.Imran@gmail.com
N67643897,UF549337,4/28/1999,Sayf al-Din,Michel ,GSTR2,+(212) 459-21906,Sayf al-Din.Michel @gmail.com
N98775535,QF959277,4/11/1998,Ali Naqi,Rashid al-Din,GSTR2,+(212) 099-87278,Ali Naqi.Rashid al-Din@gmail.com
N83656885,PM418582,10/22/1998,Mojtaba,Hadid ,GSTR2,+(212) 337-09261,Mojtaba.Hadid @gmail.com
N18829726,YP994904,12/16/1998,Hassan ,Amjad,GSTR2,+(212) 625-87855,Hassan .Amjad@gmail.com
N63120452,AC153355,12/21/1998,Taher ,Fasih,GSTR2,+(212) 670-72094,Taher .Fasih@gmail.com
N73285914,CF894922,6/6/1998,Fatin,Sharaf al-Din,GSTR2,+(212) 292-75883,Fatin.Sharaf al-Din@gmail.com
N41363481,LD218676,2/28/1999,Ab,Abid,GSTR2,+(212) 708-02112,Ab.Abid@gmail.com
N36601751,TB874032,3/25/1998,Hamdi,Fouad,GSTR2,+(212) 829-93480,Hamdi.Fouad@gmail.com
N54186184,QD952572,4/24/1999,Dawoud,Abdul Qayyum,GSTR2,+(212) 293-39734,Dawoud.Abdul Qayyum@gmail.com
N40320907,ZE646104,3/10/1998,Rakib,Majid ,GSTR2,+(212) 473-24121,Rakib.Majid @gmail.com
N45906587,WS464096,4/23/1998,Muhibullah,Hadem,GSTR2,+(212) 039-23317,Muhibullah.Hadem@gmail.com
N64214399,QK651367,4/10/1999,Azhar,Talat,GSTR2,+(212) 492-80320,Azhar.Talat@gmail.com
N24687718,KS477168,1/28/1998,Jamil,Rashid al-Din,GSTR2,+(212) 443-29978,Jamil.Rashid al-Din@gmail.com
N44749757,DO498609,1/29/1998,Abdul Halim,Ali Reza,GSTR2,+(212) 808-99031,Abdul Halim.Ali Reza@gmail.com
N77346882,CI399135,3/2/1998,Abd al-Aziz,Fawaz,GSTR2,+(212) 009-24847,Abd al-Aziz.Fawaz@gmail.com
N40584869,HL459571,4/27/1998,Jaber,Nazimuddin,GSTR2,+(212) 603-62448,Jaber.Nazimuddin@gmail.com
N57210144,AI356254,5/2/1999,Mu'iz ad-Din,Isa ,GSTR2,+(212) 304-04843,Mu'iz ad-Din.Isa @gmail.com
N34632334,ME705170,7/6/1998,Qasim ,Habib ur Rahman,GSTR2,+(212) 604-74423,Qasim .Habib ur Rahman@gmail.com
N20335621,HF455240,1/17/1998,Jawdat,Naif ,GSTR2,+(212) 578-37130,Jawdat.Naif @gmail.com
N19255752,ZE358992,12/16/1998,Nazif,Ruhullah,GSTR2,+(212) 834-96601,Nazif.Ruhullah@gmail.com
N55949174,OG658444,2/28/1999,Nusrat,Amr,GSTR2,+(212) 656-18447,Nusrat.Amr@gmail.com
N66092641,SX661324,12/27/1998,Nawaf,Tufail,GSTR2,+(212) 655-47101,Nawaf.Tufail@gmail.com
N57628030,YU998880,1/7/1998,Iqbal,Moeen,GSTR2,+(212) 051-68100,Iqbal.Moeen@gmail.com
N29441284,RE745952,6/19/1998,Billah,Abdus Sabur,GSTR2,+(212) 252-41445,Billah.Abdus Sabur@gmail.com
N33618657,NE970468,5/29/1998,Abu Nasr ,Baha' al-Din,GSTR2,+(212) 541-09384,Abu Nasr .Baha' al-Din@gmail.com
N64355795,EH897981,5/15/1999,Hafeez,Izzat ,GSTR2,+(212) 264-22785,Hafeez.Izzat @gmail.com
N65961068,ZO697881,1/16/1998,Asadullah,Taqi,GSTR2,+(212) 646-06623,Asadullah.Taqi@gmail.com
N55866466,RI852570,12/5/1998,Safi al-Din,Hisham ,GSTR2,+(212) 717-52316,Safi al-Din.Hisham @gmail.com
N16402394,MR803666,6/10/1998,Daud ,Saud,GSTR2,+(212) 896-41884,Daud .Saud@gmail.com
N28822023,XV419489,2/23/1999,Mahmud,Khakim,GSTR2,+(212) 452-03224,Mahmud.Khakim@gmail.com
N44013217,MH575843,2/24/1999,Zayn ad-Din,Rizqallah,GSTR2,+(212) 549-31197,Zayn ad-Din.Rizqallah@gmail.com
N24961329,DH688756,6/18/1999,Aden ,Nasser ,GSTR2,+(212) 421-03877,Aden .Nasser @gmail.com
N79603511,JK313270,7/4/1998,Saadallah,Rukn al-Din,GSTR2,+(212) 465-02130,Saadallah.Rukn al-Din@gmail.com
N91365845,UT917650,4/6/1999,Abo,Akeem,GSTR2,+(212) 050-16690,Abo.Akeem@gmail.com
N40100381,PJ281109,7/23/1998,Talhah ,Abdolreza,GSTR2,+(212) 141-20897,Talhah .Abdolreza@gmail.com
N70489208,DE380598,6/25/1999,Fakhraddin,Najim ,GSTR2,+(212) 131-37879,Fakhraddin.Najim @gmail.com
N62201920,OP737255,9/17/1998,Luay,Adham,GSTR2,+(212) 256-93359,Luay.Adham@gmail.com
N58558395,XA349095,11/17/1998,Furkan,Basri,GSTR2,+(212) 085-50692,Furkan.Basri@gmail.com
N15138332,DI731042,8/10/1998,Jamil,Anas,GSTR2,+(212) 802-28984,Jamil.Anas@gmail.com
N78775785,JD358669,3/17/1999,Fakhraddin,Izz al-Din,GSTR2,+(212) 025-22818,Fakhraddin.Izz al-Din@gmail.comCIN
N52325430,OI927232,3/26/1998,Najibullah,Shawkat,GSTR3,+(212) 678-69371,Najibullah.Shawkat@gmail.com
N65566628,MH230353,9/18/1998,Wajid ,Ismatullah,GSTR3,+(212) 193-18753,Wajid .Ismatullah@gmail.com
N12055288,MO328925,1/1/1998,Ali Naqi,Nuri ,GSTR3,+(212) 707-95089,Ali Naqi.Nuri @gmail.com
N83378031,GY936925,3/16/1998,Hikmat,Wajdi,GSTR3,+(212) 142-48775,Hikmat.Wajdi@gmail.com
N89267522,NP909058,5/27/1999,Fathi,Jabir,GSTR3,+(212) 272-13718,Fathi.Jabir@gmail.com
N20738522,PE767823,4/29/1998,Karem,Qudratullah,GSTR3,+(212) 452-73709,Karem.Qudratullah@gmail.com
N90126178,LW400326,4/20/1998,Khakim,Kulthum,GSTR3,+(212) 401-18686,Khakim.Kulthum@gmail.com
N24283717,AP815540,7/24/1998,Moneim,Brahim,GSTR3,+(212) 525-96808,Moneim.Brahim@gmail.com
N91142096,EB708698,2/9/1998,Imad,Jawdat,GSTR3,+(212) 899-05412,Imad.Jawdat@gmail.com
N88792833,BQ714647,9/16/1998,Faqir ,Abdul Malik,GSTR3,+(212) 101-31812,Faqir .Abdul Malik@gmail.com
N88256557,SC516772,12/16/1998,Atif,Billah,GSTR3,+(212) 567-69547,Atif.Billah@gmail.com
N11648543,IM561067,1/22/1999,Mahdi ,Numan,GSTR3,+(212) 236-32029,Mahdi .Numan@gmail.com
N55881542,TL284977,7/22/1998,Ubayd Allah,Sami ,GSTR3,+(212) 329-73827,Ubayd Allah.Sami @gmail.com
N23293033,FB286073,2/1/1999,Qasymbek,Ubayd Allah,GSTR3,+(212) 338-62059,Qasymbek.Ubayd Allah@gmail.com
N84803557,IJ343200,9/24/1998,Munib,Abdul Basir,GSTR3,+(212) 846-55455,Munib.Abdul Basir@gmail.com
N97484759,DM329595,11/25/1998,Sayyid ,Amir,GSTR3,+(212) 217-12869,Sayyid .Amir@gmail.com
N20818471,EH293488,12/12/1998,Faisal,Muharrem,GSTR3,+(212) 788-41041,Faisal.Muharrem@gmail.com
N63554483,PC750582,11/2/1998,Qasymbek,Qusay,GSTR3,+(212) 073-36819,Qasymbek.Qusay@gmail.com
N88786328,EZ481792,2/21/1998,Asad,Abu Bakr,GSTR3,+(212) 341-71749,Asad.Abu Bakr@gmail.com
N16995446,CI550025,4/19/1999,Hamza ,Bagher,GSTR3,+(212) 522-92701,Hamza .Bagher@gmail.com
N98213525,JG931177,3/1/1999,Zubayr ,Kamil,GSTR3,+(212) 546-61573,Zubayr .Kamil@gmail.com
N89045685,YF648114,6/29/1999,Rasul ,Abdul Bari,GSTR3,+(212) 022-23358,Rasul .Abdul Bari@gmail.com
N21067872,OJ907228,4/24/1999,Bashar,Fawzi,GSTR3,+(212) 833-15780,Bashar.Fawzi@gmail.com
N94496978,CY537646,5/24/1999,Hamdan,Qamar ud-Din,GSTR3,+(212) 006-13985,Hamdan.Qamar ud-Din@gmail.com
N56218660,VB895139,1/14/1999,Taqi,Amin,GSTR3,+(212) 334-42366,Taqi.Amin@gmail.com
N33566433,KN238213,1/30/1999,Sardar ,Hadi,GSTR3,+(212) 329-23719,Sardar .Hadi@gmail.com
N81720103,QD706350,3/21/1999,Abdul Ghani,Izzatullah,GSTR3,+(212) 084-46287,Abdul Ghani.Izzatullah@gmail.com
N90095212,HC274941,5/5/1999,Asadullah,Fouad,GSTR3,+(212) 075-11267,Asadullah.Fouad@gmail.com
N13288776,OD675162,6/17/1998,Jihad ,Abdus Shakur,GSTR3,+(212) 790-40537,Jihad .Abdus Shakur@gmail.com
N29625774,ZW755091,7/13/1998,Aqeel,Min,GSTR3,+(212) 101-02497,Aqeel.Min@gmail.com
N47733230,GU607112,4/1/1999,Amir,Azem,GSTR3,+(212) 690-37362,Amir.Azem@gmail.com
N54844164,PS353037,7/12/1998,Turki ,Hikmat,GSTR3,+(212) 814-66459,Turki .Hikmat@gmail.com
N56926339,HR190723,10/10/1998,Baha' al-Din,Shaheed,GSTR3,+(212) 380-37639,Baha' al-Din.Shaheed@gmail.com
N71632727,EA301678,6/21/1999,Haitham,Zahir,GSTR3,+(212) 329-47306,Haitham.Zahir@gmail.com
N75914074,VE605132,6/18/1998,Badr al-Din,Boualem,GSTR3,+(212) 573-15386,Badr al-Din.Boualem@gmail.com
N16187673,OZ778347,8/25/1998,Fahmi,Zeeshan,GSTR3,+(212) 183-69981,Fahmi.Zeeshan@gmail.com
N85352285,CD494095,12/23/1998,Abdul Haq,Rasul ,GSTR3,+(212) 308-64696,Abdul Haq.Rasul @gmail.com
N97459628,EJ874971,3/22/1998,Ghulam Faruq,Moemen,GSTR3,+(212) 630-46795,Ghulam Faruq.Moemen@gmail.com
N80813708,BM670030,5/24/1999,Hamid,Zane,GSTR3,+(212) 594-19567,Hamid.Zane@gmail.com
N19590031,KP703738,3/7/1999,Alaa,Junayd,GSTR3,+(212) 293-33961,Alaa.Junayd@gmail.com
N93867386,WC969404,10/22/1998,Saifullah,Hakim ,GSTR3,+(212) 132-88131,Saifullah.Hakim @gmail.com
N57406637,QN813416,2/4/1998,Jabal ,Baki,GSTR3,+(212) 596-43344,Jabal .Baki@gmail.com
N63736250,HY582943,4/3/1999,Ghanem,Sharifullah,GSTR3,+(212) 189-27292,Ghanem.Sharifullah@gmail.com
N61053048,GS125175,5/24/1999,Hadid ,Tariq,GSTR3,+(212) 240-77870,Hadid .Tariq@gmail.com
N69799987,SM227006,2/18/1999,Samirah,Rukn al-Din,GSTR3,+(212) 714-31879,Samirah.Rukn al-Din@gmail.com
N66141853,TU152426,5/8/1999,Caden,Ali Reza,GSTR3,+(212) 500-16535,Caden.Ali Reza@gmail.com
N52024048,SC948661,12/8/1998,Samiullah,Nawaf,GSTR3,+(212) 091-45417,Samiullah.Nawaf@gmail.com
N82085328,KF784566,1/2/1998,Ikramullah,Nadeem,GSTR3,+(212) 721-36021,Ikramullah.Nadeem@gmail.com
N35900156,KX838587,6/19/1998,Azimullah,Naseer,GSTR3,+(212) 202-57641,Azimullah.Naseer@gmail.com
N42089487,ZI721808,3/8/1998,Mahbubur,Abu Hamza,GSTR3,+(212) 352-83304,Mahbubur.Abu Hamza@gmail.com
N76573701,XZ910706,4/20/1998,Mu'iz ad-Din,Yusuf,GSTR3,+(212) 680-63109,Mu'iz ad-Din.Yusuf@gmail.com
N22242981,ZL551532,5/5/1999,Mahmud,Shaban ,GSTR3,+(212) 790-89320,Mahmud.Shaban @gmail.com
N93193015,GY113237,1/19/1999,Hibat Allah,Adib,GSTR3,+(212) 305-94538,Hibat Allah.Adib@gmail.com
N92691807,QP912907,5/30/1998,Nader,Haitham,GSTR3,+(212) 195-77695,Nader.Haitham@gmail.com
N17619541,GP120080,5/26/1998,Shafiqullah,Nazim,GSTR3,+(212) 458-93005,Shafiqullah.Nazim@gmail.com
N13699164,TJ163113,12/8/1998,Riaz ,Safiullah,GSTR3,+(212) 127-73898,Riaz .Safiullah@gmail.com
N88655704,TZ727453,8/1/1998,Azizur Rahman,Habib ur Rahman,GSTR3,+(212) 541-70583,Azizur Rahman.Habib ur Rahman@gmail.com
N50279203,AP678891,2/3/1999,Ridwan ,Habibullah,GSTR1,+(212) 716-87646,Ridwan .Habibullah@gmail.com
N79609761,ZE181563,6/30/1998,Fahd,Hajji ,GSTR1,+(212) 165-63244,Fahd.Hajji @gmail.com
N65464363,HM377100,9/9/1998,Samer ,Salim,GSTR1,+(212) 720-54844,Samer .Salim@gmail.com
N15630841,EZ740150,8/4/1998,Hisham ud-Din,Samee,GSTR1,+(212) 767-87817,Hisham ud-Din.Samee@gmail.com
N13118893,LJ170744,4/14/1999,Nasrallah,Habib,GSTR1,+(212) 892-67112,Nasrallah.Habib@gmail.com
N23201658,TE238639,8/3/1998,Abu Bakr,Akram,GSTR1,+(212) 559-35159,Abu Bakr.Akram@gmail.com
N68025611,QX178671,4/29/1999,Dawoud,Fazel,GSTR1,+(212) 015-33684,Dawoud.Fazel@gmail.com
N47366729,LZ997822,9/3/1998,Tariq,Ahmed Tijani,GSTR1,+(212) 721-49409,Tariq.Ahmed Tijani@gmail.com
N97968040,GE441584,4/27/1998,Fazlul Haq,Amir,GSTR1,+(212) 674-96082,Fazlul Haq.Amir@gmail.com
N39664412,ZH518660,8/27/1998,Yadollah,Mu'iz ad-Din,GSTR1,+(212) 543-99721,Yadollah.Mu'iz ad-Din@gmail.com
N82220957,SI740269,7/22/1998,Salem ,Hakam,GSTR1,+(212) 135-20265,Salem .Hakam@gmail.com
N45873896,DV540183,2/28/1999,Ali Reza,Latif,GSTR1,+(212) 214-80274,Ali Reza.Latif@gmail.com
N39998123,JB890959,1/7/1999,Saud,Tarazi,GSTR1,+(212) 164-18734,Saud.Tarazi@gmail.com
N40105010,FL461241,10/24/1998,Muzaffar,Akif,GSTR1,+(212) 193-03185,Muzaffar.Akif@gmail.com
N67794621,PG475389,4/10/1999,Nu'man,Furkan,GSTR1,+(212) 623-79235,Nu'man.Furkan@gmail.com
N75836485,MD300986,7/30/1998,Fadel,Hamid al-Din,GSTR1,+(212) 428-62780,Fadel.Hamid al-Din@gmail.com
N20461845,BS623618,3/8/1999,Ghulam Faruq,Qutb,GSTR1,+(212) 421-11274,Ghulam Faruq.Qutb@gmail.com
N95025633,HN196297,4/27/1998,Gulzar ,Karim,GSTR1,+(212) 645-64017,Gulzar .Karim@gmail.com
N97924710,AI487553,4/23/1999,Naif ,Amer,GSTR1,+(212) 094-42425,Naif .Amer@gmail.com
N36006796,BJ108389,7/16/1998,Muhammad ,Hadem,GSTR1,+(212) 698-11715,Muhammad .Hadem@gmail.com
N97011438,KI742790,5/12/1998,Amin,Asif,GSTR1,+(212) 886-81072,Amin.Asif@gmail.com
N55399470,BD402771,4/15/1999,Abdul Ghani,Waliullah ,GSTR1,+(212) 296-83489,Abdul Ghani.Waliullah @gmail.com
N19657330,PQ198436,6/23/1999,Talat,Izzat ,GSTR1,+(212) 188-70072,Talat.Izzat @gmail.com
N49996486,FI222724,2/28/1999,Rahman ,Zahir,GSTR1,+(212) 099-02248,Rahman .Zahir@gmail.com
N52130128,QJ467845,9/26/1998,Tawfik,Saif ,GSTR1,+(212) 343-65623,Tawfik.Saif @gmail.com
N68366930,MA385461,2/1/1999,Abdul Hussein,Taqi,GSTR1,+(212) 794-31845,Abdul Hussein.Taqi@gmail.com
N70050982,WC968308,1/30/1998,Shakir,Tawfik,GSTR1,+(212) 598-76099,Shakir.Tawfik@gmail.com
N54349768,YD651384,3/18/1998,Azeem,Adir,GSTR1,+(212) 012-02495,Azeem.Adir@gmail.com
N27677437,XG931638,12/18/1998,Faizan,Zafar ,GSTR1,+(212) 460-01377,Faizan.Zafar @gmail.com
N66763589,LS569643,6/8/1999,Wajid ,Ali Naqi,GSTR1,+(212) 578-34433,Wajid .Ali Naqi@gmail.com
N15545727,AR117736,5/20/1998,Jurj,Jalal ad-Din,GSTR1,+(212) 474-00200,Jurj.Jalal ad-Din@gmail.com
N22135935,IO628803,4/25/1998,Hamid al-Din,Hafizullah,GSTR1,+(212) 546-36530,Hamid al-Din.Hafizullah@gmail.com
N34717044,EL905210,11/28/1998,Fathallah,Mehdi,GSTR1,+(212) 318-79383,Fathallah.Mehdi@gmail.com
N72508475,VO457123,9/18/1998,Uday,Amer,GSTR1,+(212) 737-06599,Uday.Amer@gmail.com
N64306211,HG622469,2/26/1999,Abdul Zahir,Nuh ,GSTR1,+(212) 765-92953,Abdul Zahir.Nuh @gmail.com
N11644957,YK931524,12/8/1998,Rahman ,Taqi al-Din,GSTR1,+(212) 684-70909,Rahman .Taqi al-Din@gmail.com
N88776667,EC592539,6/18/1998,Ramzi,Gulzar ,GSTR1,+(212) 836-31400,Ramzi.Gulzar @gmail.com
N29588397,NI948859,7/12/1998,Amer,Sattar,GSTR1,+(212) 302-61504,Amer.Sattar@gmail.com
N93308000,ZB883452,1/16/1998,Abdus Salam,Salim,GSTR1,+(212) 675-41899,Abdus Salam.Salim@gmail.com
N91852049,IZ324798,2/25/1999,Ramiz,Mubarak ,GSTR1,+(212) 346-98348,Ramiz.Mubarak @gmail.com
N47429099,IN521541,6/4/1999,Azeem,Abbad,GSTR1,+(212) 478-35492,Azeem.Abbad@gmail.com
N43493089,QE294184,12/3/1998,Nabih,Abdul Qadir,GSTR1,+(212) 324-34025,Nabih.Abdul Qadir@gmail.com
N70751012,VA733962,4/4/1999,Fikri,Rajaei,GSTR1,+(212) 690-87007,Fikri.Rajaei@gmail.com
N95731222,ZL765071,8/22/1998,Abdul Jalil,Abdul Jalil,GSTR1,+(212) 642-28782,Abdul Jalil.Abdul Jalil@gmail.com
N24934089,WK458327,3/22/1999,Adnan,Arif,GSTR1,+(212) 811-65105,Adnan.Arif@gmail.com
N59269635,YZ805474,4/24/1998,Mubarak ,Abdul Hadi,GSTR1,+(212) 381-76165,Mubarak .Abdul Hadi@gmail.com
N66704787,MN918655,4/6/1998,Atiqullah,Habib ur Rahman,GSTR1,+(212) 039-50307,Atiqullah.Habib ur Rahman@gmail.com
N21412100,JU606664,2/8/1998,Abdur Rab,Zane,GSTR1,+(212) 797-95210,Abdur Rab.Zane@gmail.com
N86735895,EC892177,2/16/1999,Ghulam,Hisham ,GSTR1,+(212) 272-58478,Ghulam.Hisham @gmail.com
